Open,High,Low,Close,Volume,Spread,RSI_14,MACD,MACD_Signal,SMA_20,SMA_50,BB_Upper,BB_Lower,ATR,Volatility_20,signal,signal_strength,xgb_signal,xgb_probability,rf_signal,rf_probability,DateTime,DateOnly,HourOfDay
1.08103,1.08103,1.08019,1.08054,2651,0.9,,0.0,0.0,,,,,,,HOLD,0.0,SELL,0.05804666,BUY,0.8314366818385267,2023-01-01 00:00:00,2023-01-01,0
1.0801,1.08043,1.07974,1.08028,2292,1.0,,-2.0740740740876618e-05,-4.148148148175324e-06,,,,,,,HOLD,0.2,SELL,0.042610798,BUY,0.8456791060809509,2023-01-01 01:00:00,2023-01-01,1
1.08036,1.08158,1.07961,1.08054,1796,1.2,,-1.601350638402721e-05,-6.5212197953457015e-06,,,,,,,HOLD,0.2,SELL,0.04109989,BUY,0.7428826877380768,2023-01-01 02:00:00,2023-01-01,2
1.08068,1.08126,1.07973,1.08088,4019,1.4,,1.4995164481002021e-05,-2.217942940076157e-06,,,,,,,HOLD,0.2,SELL,0.056363016,BUY,0.8316205814553341,2023-01-01 03:00:00,2023-01-01,3
1.08042,1.08042,1.07967,1.0803,2207,1.6,,-7.148984151550408e-06,-3.2041511823710075e-06,,,,,,,HOLD,0.2,SELL,0.03920848,BUY,0.8456791060809509,2023-01-01 04:00:00,2023-01-01,4
1.07981,1.08053,1.07981,1.07998,2972,1.9,,-4.994398397317745e-05,-1.2552117740532298e-05,,,,,,,HOLD,0.2,SELL,0.053289223,BUY,0.8646464005086034,2023-01-01 05:00:00,2023-01-01,5
1.08023,1.08153,1.08023,1.08087,1534,2.0,,-1.190651677940302e-05,-1.2422997548306444e-05,,,,,,,HOLD,0.2,SELL,0.035825238,BUY,0.7121979692567935,2023-01-01 06:00:00,2023-01-01,6
1.08075,1.0812,1.08061,1.08108,1350,1.1,,3.47827411848467e-05,-2.981849801675815e-06,,,,,,,HOLD,0.2,SELL,0.04414736,BUY,0.7057034210763383,2023-01-01 07:00:00,2023-01-01,7
1.08001,1.08116,1.08001,1.08058,3505,0.9,,3.108021974718156e-05,3.83056410809566e-06,,,,,,,HOLD,0.2,SELL,0.06608304,BUY,0.8507575116197146,2023-01-01 08:00:00,2023-01-01,8
1.08046,1.08048,1.07969,1.08017,4348,0.9,,-4.881359381814221e-06,2.0881794101136835e-06,,,,,,,HOLD,0.2,SELL,0.059299126,BUY,0.8358381249113433,2023-01-01 09:00:00,2023-01-01,9
1.07958,1.07958,1.07908,1.07926,2345,1.2,,-0.00010559335033044626,-1.9448126537998308e-05,,,,,,,SELL,0.4,SELL,0.07588526,BUY,0.8117514947028376,2023-01-01 10:00:00,2023-01-01,10
1.07933,1.0797,1.07858,1.07906,3457,1.4,,-0.00019924982927532753,-5.5408467085464153e-05,,,,,,,SELL,0.4,SELL,0.117474765,BUY,0.8493824906594848,2023-01-01 11:00:00,2023-01-01,11
1.07995,1.07995,1.07926,1.07945,2928,1.4,,-0.0002392456480579952,-9.217590327997037e-05,,,,,,,SELL,0.4,SELL,0.12612928,BUY,0.8329538938284377,2023-01-01 12:00:00,2023-01-01,12
1.08068,1.08136,1.08068,1.08114,5020,1.4,54.31034482758527,-0.00013304014256765306,-0.00010034875113750693,,,,,0.0011614285714286149,,HOLD,0.0,SELL,0.085866496,BUY,0.7791329429047619,2023-01-01 13:00:00,2023-01-01,13
1.08073,1.0811,1.0801,1.0809,1989,1.9,52.49999999999915,-6.74598731087439e-05,-9.377097553175433e-05,,,,,0.0011757142857143274,,BUY,0.4,SELL,0.15209477,BUY,0.869259911967019,2023-01-01 14:00:00,2023-01-01,14
1.08044,1.08063,1.07973,1.08036,3488,1.0,50.534759358289264,-5.8387469707987805e-05,-8.669427436700102e-05,,,,,0.0012021428571428819,,BUY,0.4,SELL,0.18999447,BUY,0.8911542989199601,2023-01-01 15:00:00,2023-01-01,15
1.08036,1.08099,1.08009,1.08047,2450,1.8,49.52251023192353,-4.183914830080404e-05,-7.772324915376163e-05,,,,,0.0011257142857143013,,HOLD,0.0,SELL,0.1039493,BUY,0.8561088659026602,2023-01-01 16:00:00,2023-01-01,16
1.07876,1.08032,1.0787,1.07888,2579,1.2,38.344988344988984,-0.00015523474664780323,-9.322554865256997e-05,,,,,0.0011428571428571596,,SELL,0.4,SELL,0.097504996,BUY,0.863368747904685,2023-01-01 17:00:00,2023-01-01,17
1.07877,1.07893,1.07769,1.07871,3390,2.0,40.26927784577789,-0.00025586964852464256,-0.0001257543686269845,,,,,0.001144999999999999,,SELL,0.4,SELL,0.11072979,BUY,0.867384984575155,2023-01-01 18:00:00,2023-01-01,18
1.07828,1.07864,1.07773,1.07863,1814,0.8,41.48802017654547,-0.00033818053006906545,-0.0001682396009154007,1.080104,,1.0817319066312292,1.0784760933687707,0.0011635714285714225,,SELL,0.4,SELL,0.18037635,BUY,0.7821142985262451,2023-01-01 19:00:00,2023-01-01,19
1.07879,1.08002,1.07859,1.07869,2929,2.0,34.64788732394386,-0.0003940288785144741,-0.0002133974564352154,1.0800115,,1.081742094969185,1.0782809050308149,0.0011549999999999855,0.009875515997469742,SELL,0.4,HOLD,0.4878685,BUY,0.8580382490668157,2023-01-01 20:00:00,2023-01-01,20
1.07718,1.07785,1.07681,1.07743,4387,1.7,27.607361963190883,-0.0005338071699916291,-0.00027747939914649815,1.079869,,1.0819419831034933,1.0777960168965066,0.0012471428571428436,0.010591538992266517,HOLD,0.05000000000000002,HOLD,0.4058206,BUY,0.7313861207938323,2023-01-01 21:00:00,2023-01-01,21
1.07965,1.0797,1.07863,1.07895,1816,0.8,41.11232279171212,-0.0005159832425736255,-0.00032518016783192365,1.0797895,,1.0818760430993064,1.0777029569006935,0.0013271428571428442,0.011874105772364313,SELL,0.4,SELL,0.14057425,BUY,0.760263339832662,2023-01-01 22:00:00,2023-01-01,22
1.07834,1.07925,1.07786,1.07833,2483,1.1,40.19189765458406,-0.0005455971656211922,-0.00036926356738977735,1.0796620000000001,,1.081779382694197,1.0775446173058032,0.001362857142857126,0.011908222324196227,SELL,0.4,SELL,0.11055625,BUY,0.8236941393580905,2023-01-01 23:00:00,2023-01-01,23
1.07769,1.07769,1.07669,1.07719,2014,1.9,39.229968782518256,-0.0006535214966056913,-0.0004261151532329602,1.0795065,,1.0818691860272067,1.0771438139727931,0.0014021428571428438,0.012288350312114393,SELL,0.4,SELL,0.07528503,HOLD,0.5777172816009315,2023-01-02 00:00:00,2023-01-02,0
1.07718,1.07718,1.07654,1.07684,3878,1.5,38.62704918032843,-0.0007585502858773463,-0.0004926021797618374,1.0793495,,1.0819816452127595,1.0767173547872404,0.0013685714285714174,0.012293492191334906,SELL,0.4,SELL,0.08728142,BUY,0.6652395119985264,2023-01-02 01:00:00,2023-01-02,1
1.07536,1.07536,1.07497,1.07511,1606,1.7,30.450450450450205,-0.0009701990491430834,-0.0005881215536380867,1.0790615000000001,,1.0822041256203174,1.0759188743796828,0.001438571428571416,0.012769861506209568,HOLD,0.25,SELL,0.060593713,HOLD,0.4581137048683012,2023-01-02 02:00:00,2023-01-02,2
1.07376,1.07402,1.07304,1.07369,4553,0.8,15.60480147737752,-0.0012382406836199955,-0.0007181453796344685,1.0786919999999998,,1.0825022222617862,1.0748817777382134,0.001449999999999983,0.013170443351602886,HOLD,0.05000000000000002,SELL,0.123620786,HOLD,0.473482825065099,2023-01-02 03:00:00,2023-01-02,3
1.07416,1.07439,1.073,1.07401,1643,1.7,18.423464711273056,-0.0014086067427274696,-0.0008562376522530688,1.0783635,,1.082597643298672,1.0741293567013281,0.0014749999999999883,0.013353997548853594,HOLD,0.05000000000000002,SELL,0.09349938,HOLD,0.47890071466216033,2023-01-02 04:00:00,2023-01-02,4
1.07496,1.07511,1.0741,1.07471,5620,1.8,24.480578139114826,-0.0014701914700312457,-0.0009790284158087042,1.0780904999999998,,1.0825331614830116,1.073647838516988,0.001470000000000003,0.01377241099306358,HOLD,0.2,SELL,0.08971237,BUY,0.6064822713480064,2023-01-02 05:00:00,2023-01-02,5
1.07535,1.07661,1.07535,1.07559,1910,2.0,29.391891891891646,-0.0014314878635595107,-0.0010695203053588656,1.0779070000000002,,1.0824483473539777,1.0733656526460227,0.0015414285714285825,0.014088186316822965,HOLD,0.2,SELL,0.057717163,HOLD,0.5326618444345395,2023-01-02 06:00:00,2023-01-02,6
1.07511,1.07519,1.07459,1.07472,3900,1.4,31.294964028776278,-0.0014542529825509742,-0.0011464668407972873,1.07769,,1.0824105931830657,1.0729694068169344,0.0014864285714285869,0.014269916186292381,SELL,0.4,SELL,0.1092954,HOLD,0.5252926797472504,2023-01-02 07:00:00,2023-01-02,7
1.07416,1.07589,1.0741,1.07443,1745,1.9,30.960854092526276,-0.0014786501215608983,-0.0012129034969500096,1.077439,,1.082297394363314,1.072580605636686,0.001525714285714305,0.014114954569740771,SELL,0.4,SELL,0.094915435,HOLD,0.52146474981129,2023-01-02 08:00:00,2023-01-02,8
1.07481,1.07502,1.07455,1.07495,4396,1.3,34.246575342466045,-0.0014394324940438796,-0.0012582092963687836,1.0771295,,1.0817793646273457,1.0724796353726544,0.00149785714285717,0.012742735851173097,SELL,0.4,SELL,0.124208726,HOLD,0.5386002817131171,2023-01-02 09:00:00,2023-01-02,9
1.07407,1.07493,1.07407,1.07447,3250,1.5,32.561983471074825,-0.0014305932417835177,-0.0012926860854517305,1.076808,,1.0812444499795515,1.0723715500204485,0.0014585714285714519,0.012752524593123567,SELL,0.4,SELL,0.19352302,HOLD,0.5552823972533681,2023-01-02 10:00:00,2023-01-02,10
1.07523,1.07523,1.07445,1.07489,3058,1.7,38.721136767317056,-0.0013738605713027319,-0.0013089209826219307,1.0765345,,1.080716060902218,1.072352939097782,0.001380000000000032,0.012955916320346083,SELL,0.4,SELL,0.08682013,HOLD,0.5718451289730855,2023-01-02 11:00:00,2023-01-02,11
1.07575,1.07662,1.07531,1.07605,3856,1.8,36.69724770642161,-0.0012212197545864445,-0.0012913807370148337,1.0763135,,1.080064307772651,1.0725626922273488,0.0013414285714286045,0.013751450307272494,BUY,0.4,SELL,0.25388905,BUY,0.7046369531246848,2023-01-02 12:00:00,2023-01-02,12
1.07707,1.07707,1.07613,1.0766,2991,1.6,42.01292705447835,-0.0010438376930044235,-0.0012418721282127516,1.0761995,,1.0797553963634194,1.0726436036365805,0.0013150000000000345,0.013114808400570622,BUY,0.4,SELL,0.19655968,HOLD,0.4539333733804852,2023-01-02 13:00:00,2023-01-02,13
1.07787,1.07798,1.07746,1.07763,2025,1.5,52.052238805970084,-0.0008108023149215882,-0.001155658165554519,1.0761455,,1.079571293646044,1.072719706353956,0.0012964285714285953,0.01364192515162527,BUY,0.4,SELL,0.07659426,SELL,0.37312285497823916,2023-01-02 14:00:00,2023-01-02,14
1.0768,1.0774,1.0768,1.07737,3564,1.5,52.492944496706976,-0.0006397255678205482,-0.0010524716460077249,1.0760825,,1.0793590056804006,1.0728059943195996,0.001309285714285743,0.013658779865932728,BUY,0.4,SELL,0.21774602,HOLD,0.517842144449146,2023-01-02 15:00:00,2023-01-02,15
1.07652,1.07745,1.07652,1.07687,2084,1.5,59.36170212765919,-0.0005382867993757312,-0.0009496346766813262,1.0759915000000002,,1.0790574094984435,1.072925590501557,0.00124214285714289,0.013725812813095806,BUY,0.4,SELL,0.38097882,BUY,0.7152574232597232,2023-01-02 16:00:00,2023-01-02,16
1.07804,1.07888,1.0766,1.0776,4511,2.0,72.44546498277704,-0.0003944440400600602,-0.000838596549357073,1.076,,1.0790835932559977,1.0729164067440025,0.001257142857142893,0.013351156608198519,HOLD,0.2,SELL,0.07306891,HOLD,0.4122229514228835,2023-01-02 17:00:00,2023-01-02,17
1.07569,1.07569,1.07506,1.07542,2005,0.8,56.66982024597969,-0.00045115476663526444,-0.0007611081928127114,1.0758234999999998,,1.0785832274846414,1.0730637725153582,0.0013392857142857492,0.01410910581012485,BUY,0.4,HOLD,0.593084,BUY,0.736936408860363,2023-01-02 18:00:00,2023-01-02,18
1.07518,1.07571,1.0744,1.07529,2542,1.1,52.90000000000013,-0.00050081525307899,-0.0007090496048659671,1.0756715,,1.078172718860773,1.0731702811392267,0.0013542857142857365,0.014025409659257585,BUY,0.4,HOLD,0.49478203,BUY,0.7841676066329394,2023-01-02 19:00:00,2023-01-02,19
1.07749,1.07749,1.07651,1.07719,8613,1.3,57.25952813067169,-0.0003824487937049703,-0.0006437294426337677,1.0756715,,1.078172718860773,1.0731702811392267,0.0013757142857143054,0.015118044838396709,BUY,0.4,SELL,0.21031131,HOLD,0.5762266080081464,2023-01-02 20:00:00,2023-01-02,20
1.07823,1.0787,1.07761,1.0783,7600,0.9,65.89698046181257,-0.00019680613985095796,-0.0005543447820772057,1.0757445,,1.078464929339183,1.0730240706608172,0.0014121428571428618,0.01549208604786023,BUY,0.4,SELL,0.109112166,HOLD,0.5044389266756373,2023-01-02 21:00:00,2023-01-02,21
1.0744,1.07536,1.0744,1.07481,6742,1.6,51.31396957123115,-0.00032752136956815114,-0.0005089800995753948,1.0757295,,1.0784679088733986,1.0729910911266014,0.0015628571428571516,0.018598291645114326,HOLD,0.0,SELL,0.3027897,HOLD,0.5548321438110733,2023-01-02 22:00:00,2023-01-02,22
1.07329,1.07334,1.07302,1.07327,9643,1.8,44.57364341085229,-0.0005490501521723257,-0.0005169941100947811,1.0757085,,1.0785182744805575,1.0728987255194424,0.0016485714285714278,0.01870667295109038,SELL,0.4,SELL,0.1773036,HOLD,0.5072386289046183,2023-01-02 23:00:00,2023-01-02,23
1.07202,1.07246,1.07202,1.07222,3086,1.9,42.990654205607164,-0.0008001162906550174,-0.0005736185462068284,1.075619,,1.078752015362741,1.0724859846372592,0.0016749999999999979,0.01896669310550836,HOLD,0.25,SELL,0.1946275,HOLD,0.5567805638176886,2023-01-03 00:00:00,2023-01-03,0
1.07161,1.07282,1.07112,1.0718,8566,1.5,40.373831775701454,-0.0010212066693446875,-0.0006631361708344002,1.0754735,1.07753,1.0790264100007878,1.0719205899992121,0.001740714285714286,0.01879161160098591,SELL,0.5,SELL,0.12672016,HOLD,0.4703603280777194,2023-01-03 01:00:00,2023-01-03,1
1.07144,1.07196,1.07144,1.07164,2686,1.8,35.348837209302246,-0.0011955514769295128,-0.0007696192320534227,1.0752760000000001,1.077352,1.0792193376191954,1.0713326623808048,0.0016542857142857192,0.018451069684996112,SELL,0.65,BUY,0.88309836,BUY,0.8517213448051106,2023-01-03 02:00:00,2023-01-03,2
1.07142,1.07145,1.07092,1.07111,6162,1.9,31.73652694610766,-0.0013608010956707162,-0.0008878556047768815,1.0750955,1.0771686,1.0794545654478869,1.070736434552113,0.0016328571428571343,0.018343154659305534,SELL,0.65,BUY,0.8870724,BUY,0.8109662855905262,2023-01-03 03:00:00,2023-01-03,3
1.0718,1.07232,1.07154,1.07198,4331,2.0,31.002017484867977,-0.001405360755987406,-0.0009913566350189865,1.074973,1.0769974,1.0795433902862266,1.0704026097137733,0.001620714285714277,0.018662517885872063,SELL,0.65,SELL,0.17125621,SELL,0.23288763683480035,2023-01-03 04:00:00,2023-01-03,4
1.07242,1.0736,1.07198,1.07264,5329,1.9,34.51211525867713,-0.0013716070909250977,-0.0010674067262002088,1.0748574999999998,1.0768326000000001,1.0795455761400332,1.0701694238599664,0.0016771428571428532,0.018724194396228383,SELL,0.65,SELL,0.08402176,SELL,0.08472290640394087,2023-01-03 05:00:00,2023-01-03,5
1.07267,1.07299,1.07196,1.0724,5725,1.2,35.10992671552282,-0.001348676360851453,-0.0011236606531304578,1.074754,1.0766745999999998,1.0795678108330984,1.0699401891669016,0.0016842857142857096,0.01868726011863452,SELL,0.65,SELL,0.10413982,SELL,0.09593650793650793,2023-01-03 06:00:00,2023-01-03,6
1.07234,1.07255,1.07197,1.07243,2193,1.9,31.935709294199995,-0.0013129479955704682,-0.00116151812161846,1.0746310000000001,1.0765236,1.0795546396464846,1.0697073603535157,0.0015628571428571198,0.01860613750965311,SELL,0.65,SELL,0.065056466,SELL,0.11852685116037151,2023-01-03 07:00:00,2023-01-03,7
1.0732,1.0732,1.07209,1.07253,1802,1.6,38.18479149632025,-0.001262016108292352,-0.0011816177189532383,1.074455,1.0763568000000001,1.0794165723314302,1.0694934276685697,0.0014607142857142597,0.018089595739545303,SELL,0.65,SELL,0.1333243,SELL,0.29525919711221665,2023-01-03 08:00:00,2023-01-03,8
1.071,1.07164,1.07087,1.07123,2967,1.5,34.85074626865615,-0.0013114339617550375,-0.0012075809675135983,1.0741865000000002,1.0761598,1.0792396794056096,1.0691333205943907,0.001485714285714265,0.018270877278686235,SELL,0.65,BUY,0.8977419,BUY,0.8226233680591558,2023-01-03 09:00:00,2023-01-03,9
1.07217,1.07235,1.07183,1.07227,3664,1.5,30.382775119617435,-0.001252243573877987,-0.0012165134887864762,1.0739185,1.0759935999999999,1.0787671190112034,1.0690698809887966,0.0014085714285714099,0.018283313761370473,HOLD,0.25,HOLD,0.5551936,HOLD,0.5401769624904208,2023-01-03 10:00:00,2023-01-03,10
1.07185,1.0719,1.07156,1.07167,4611,0.9,22.443890274314626,-0.0012394620041866755,-0.001221103191866516,1.0736335,1.0758236,1.0782943482399454,1.0689726517600544,0.001351428571428559,0.018316487676144355,SELL,0.45,BUY,0.93059576,BUY,0.860336181438071,2023-01-03 11:00:00,2023-01-03,11
1.07005,1.07087,1.06973,1.07012,3482,1.3,26.759167492567357,-0.0013389697543806367,-0.0012446765043693402,1.073296,1.0756408,1.0779476161311519,1.0686443838688482,0.0012114285714285458,0.01878427692554769,SELL,0.45,BUY,0.72776073,BUY,0.6181761593323088,2023-01-03 12:00:00,2023-01-03,12
1.07148,1.07186,1.07148,1.0717,2909,0.9,42.25074037512446,-0.0012756328663061645,-0.001250867776756705,1.073001,1.0754936,1.07723272429706,1.0687692757029401,0.0012078571428571255,0.019541986668220317,HOLD,0.25,BUY,0.87478834,BUY,0.8502958368031014,2023-01-03 13:00:00,2023-01-03,13
1.07253,1.07253,1.07176,1.07204,2823,1.1,49.044585987262,-0.0011843503144950418,-0.0012375642843043726,1.072832,1.0753454,1.0769246460363633,1.0687393539636367,0.0011778571428571194,0.018501503145315693,HOLD,0.15000000000000002,BUY,0.9388067,BUY,0.840822469310863,2023-01-03 14:00:00,2023-01-03,14
1.07249,1.07266,1.07223,1.07247,4874,2.0,53.55249204665913,-0.0010650337817141864,-0.0012030581837863354,1.072691,1.075172,1.0766180446903508,1.0687639553096493,0.0011007142857142485,0.01860739652888955,HOLD,0.25,SELL,0.22874504,HOLD,0.44327719969308504,2023-01-03 15:00:00,2023-01-03,15
1.07274,1.07299,1.07256,1.07258,6158,1.3,55.01066098081089,-0.0009506401018235522,-0.0011525745673937788,1.0724605,1.0750056000000001,1.0757679618985772,1.069153038101423,0.0011007142857142485,0.017244133677559923,HOLD,0.15000000000000002,BUY,0.6709756,HOLD,0.5075109126155349,2023-01-03 16:00:00,2023-01-03,16
1.07357,1.07425,1.07263,1.07361,4856,1.5,62.65182186234748,-0.000768016676247596,-0.0010756629891645422,1.072226,1.0748706,1.0741771659132593,1.0702748340867405,0.001168571428571392,0.017178663058835343,HOLD,0.15000000000000002,SELL,0.2842399,SELL,0.34232225637193375,2023-01-03 17:00:00,2023-01-03,17
1.07253,1.07303,1.07156,1.0727,2039,2.0,53.62903225806465,-0.0006887759106111169,-0.0009982855734538571,1.0721205,1.0747152000000002,1.0736702704414092,1.070570729558591,0.0012285714285713884,0.013254729190467109,HOLD,0.15000000000000002,BUY,0.9330205,BUY,0.8764115729886669,2023-01-03 18:00:00,2023-01-03,18
1.07305,1.07389,1.07267,1.07287,4842,1.0,51.21951219512167,-0.0006052821379831652,-0.0009196848863597187,1.0721005000000001,1.074595,1.073597225900446,1.0706037740995542,0.0011999999999999472,0.012298224294847063,HOLD,0.15000000000000002,BUY,0.96340156,BUY,0.8457691676897586,2023-01-03 19:00:00,2023-01-03,19
1.0713,1.07243,1.07082,1.07145,1265,2.0,45.52309142318574,-0.0006462453401920865,-0.0008649969771261923,1.072062,1.0744497999999998,1.0735851629141926,1.0705388370858075,0.0012728571428570756,0.012709808650555238,HOLD,0.25,BUY,0.8515622,BUY,0.7321451266622568,2023-01-03 20:00:00,2023-01-03,20
1.07211,1.07305,1.07211,1.0729,1899,1.1,51.95344970906052,-0.0005553048822055651,-0.0008030585581420669,1.072117,1.0743352,1.073679266908934,1.070554733091066,0.001345714285714236,0.013543412005117588,HOLD,0.15000000000000002,BUY,0.84231013,BUY,0.8262573478840409,2023-01-03 21:00:00,2023-01-03,21
1.07311,1.07311,1.07266,1.07291,1747,1.9,51.59128978224471,-0.0004769292540711678,-0.0007378326973278871,1.0721805,1.0742196,1.0737642261193354,1.0705967738806645,0.001298571428571387,0.013523892542255436,HOLD,0.15000000000000002,SELL,0.2278512,SELL,0.31215550326365316,2023-01-03 22:00:00,2023-01-03,22
1.07309,1.07349,1.07247,1.07275,6442,1.2,57.03703703703782,-0.00042285228896243865,-0.0006748366156547974,1.0722625000000001,1.074126,1.0737813482478553,1.070743651752145,0.0012528571428571031,0.01339109848145506,HOLD,0.15000000000000002,BUY,0.81312466,BUY,0.7484663399089452,2023-01-03 23:00:00,2023-01-03,23
1.07315,1.07351,1.07228,1.07311,5375,1.5,54.1501976284583,-0.000346947518133911,-0.0006092587961506201,1.072319,1.0740091999999999,1.0738771622103287,1.0707608377896713,0.00126071428571425,0.013148607248482887,HOLD,0.15000000000000002,BUY,0.9084493,BUY,0.9019373704041744,2023-01-04 00:00:00,2023-01-04,0
1.07285,1.07373,1.07285,1.07318,2605,0.8,57.872784150157244,-0.0002779401048849106,-0.0005429950578974783,1.072346,1.0739062,1.0739457420844793,1.0707462579155207,0.0012728571428571073,0.012980282205974067,HOLD,0.15000000000000002,BUY,0.94581413,BUY,0.9013151013751579,2023-01-04 01:00:00,2023-01-04,1
1.07409,1.07461,1.07336,1.07387,5060,1.3,71.4776632302416,-0.00016566432407882914,-0.00046752891113374846,1.0724195,1.0738398,1.0741586888611503,1.0706803111388499,0.001236428571428551,0.013123357166461144,HOLD,0.04999999999999999,BUY,0.8373962,BUY,0.8280962146938954,2023-01-04 02:00:00,2023-01-04,2
1.07205,1.07246,1.07191,1.07199,1006,1.7,51.60575858250225,-0.00022578256619265602,-0.00041917964214553,1.0723975,1.0737428,1.0741472293023753,1.0706477706976245,0.0012521428571428445,0.01462911258681322,HOLD,0.25,BUY,0.9794271,BUY,0.815660459960199,2023-01-04 03:00:00,2023-01-04,3
1.07371,1.07447,1.07282,1.07373,3612,1.4,58.101629913710354,-0.00013150731353306355,-0.0003616451764230367,1.0724575,1.0737151999999999,1.07430587766704,1.0706091223329601,0.0013699999999999982,0.01575128680706256,HOLD,0.15000000000000002,BUY,0.9178117,BUY,0.8519507493111224,2023-01-04 04:00:00,2023-01-04,4
1.07366,1.0743,1.07292,1.0737,2870,1.0,56.13160518444699,-5.853943964284625e-05,-0.00030102402906699864,1.072581,1.0737154,1.0744140520996446,1.0707479479003554,0.0014242857142857193,0.015030864658179592,HOLD,0.15000000000000002,BUY,0.9475045,BUY,0.8372300060303997,2023-01-04 05:00:00,2023-01-04,5
1.07375,1.07459,1.07375,1.07409,2888,1.6,57.32298739088228,3.0407349754124624e-05,-0.000234737753302774,1.072672,1.0737169999999998,1.0746173112320359,1.0707266887679643,0.0014507142857142735,0.014723921727278481,HOLD,0.15000000000000002,BUY,0.87845165,BUY,0.8362036588887907,2023-01-04 06:00:00,2023-01-04,6
1.07485,1.07536,1.07485,1.07512,2254,0.9,57.3229873908832,0.00018191372492548652,-0.0001514074576571219,1.0728445,1.0737252000000002,1.0750145688807913,1.0706744311192087,0.0014221428571428638,0.014828228508173303,HOLD,2.7755575615628914e-17,BUY,0.8822,BUY,0.6753928509203141,2023-01-04 07:00:00,2023-01-04,7
1.07461,1.07556,1.07461,1.075,7961,0.8,62.0798319327727,0.0002889695604595399,-6.333205403378955e-05,1.0730885,1.0737134,1.075056734849062,1.0711202651509377,0.001343571428571444,0.013616534298658212,HOLD,0.15000000000000002,SELL,0.10989449,SELL,0.2796288862151923,2023-01-04 08:00:00,2023-01-04,8
1.07531,1.07531,1.07439,1.07504,2185,1.7,61.554845580404425,0.00037274299786704823,2.388295634637801e-05,1.0732555,1.0737198000000001,1.0752932435921574,1.0712177564078424,0.0013221428571428748,0.012800042960026849,HOLD,0.15000000000000002,BUY,0.75404924,BUY,0.7417665489921477,2023-01-04 09:00:00,2023-01-04,9
1.07373,1.07478,1.07373,1.07447,1397,1.4,67.6814988290395,0.0003886595884527999,9.683828276766239e-05,1.0733770000000002,1.0737206,1.0753993082174405,1.07135469178256,0.0012692857142857347,0.013010122646213628,HOLD,0.15000000000000002,HOLD,0.4975636,HOLD,0.5239303920320274,2023-01-04 10:00:00,2023-01-04,10
1.07595,1.07639,1.07541,1.07594,4838,1.4,67.75700934579373,0.0005139656398980286,0.00018026375419373563,1.0735505,1.0737404000000002,1.0758248649200346,1.0712761350799656,0.0012921428571428686,0.01372669974438673,HOLD,2.7755575615628914e-17,BUY,0.6087084,BUY,0.6645250720399709,2023-01-04 11:00:00,2023-01-04,11
1.07586,1.07631,1.07493,1.0758,2042,0.8,66.6283084004609,0.0005951146472706892,0.00026323393280912636,1.0737115,1.073767,1.0761467868630354,1.0712762131369644,0.001358571428571447,0.01376483201377846,HOLD,0.15000000000000002,SELL,0.26985595,SELL,0.31269739026863613,2023-01-04 12:00:00,2023-01-04,12
1.07402,1.07484,1.07392,1.07427,2501,1.9,57.55467196819072,0.0005298597140468431,0.0003165590890566697,1.0737445,1.0737546,1.0761918528126293,1.071297147187371,0.0014200000000000243,0.01448438981168627,HOLD,0.15000000000000002,BUY,0.8981475,BUY,0.7790778685438232,2023-01-04 13:00:00,2023-01-04,13
1.07656,1.07656,1.07608,1.07608,3098,1.5,62.901824500434145,0.0006170832311616081,0.0003766639174776574,1.0739135000000002,1.0737552,1.0765188651123079,1.0713081348876925,0.0014957142857142986,0.015217618603710325,BUY,0.65,SELL,0.35550034,SELL,0.29218104936402506,2023-01-04 14:00:00,2023-01-04,14
1.07503,1.07539,1.0743,1.07515,2134,1.2,57.96281325788223,0.0006042004228479225,0.0004221712185517104,1.0740275,1.0737262,1.0766401322681214,1.0714148677318784,0.0015600000000000058,0.015644018086200324,BUY,0.65,SELL,0.23099263,SELL,0.29280494726948547,2023-01-04 15:00:00,2023-01-04,15
1.07633,1.07718,1.0754,1.07615,2153,1.0,58.99053627760218,0.0006669936593788339,0.00047113570671713514,1.0742625000000001,1.0736966,1.0767410299123321,1.0717839700876681,0.001602857142857144,0.014940995701863054,BUY,0.65,SELL,0.12570816,HOLD,0.4191112447040792,2023-01-04 16:00:00,2023-01-04,16
1.07482,1.07607,1.07482,1.07563,4197,2.0,66.0777385159024,0.0006671080907418858,0.0005103301835220854,1.074399,1.0736618,1.0768622362110825,1.0719357637889178,0.0015578571428571189,0.014508131561238716,BUY,0.65,SELL,0.083774,SELL,0.225555230711964,2023-01-04 17:00:00,2023-01-04,17
1.07561,1.07586,1.07506,1.07537,3829,1.9,58.333333333333144,0.0006388546327986688,0.0005360350733774021,1.074522,1.0736318,1.0769169033603196,1.0721270966396803,0.0014378571428571257,0.014562510348746921,BUY,0.65,SELL,0.09400153,SELL,0.2613093063639642,2023-01-04 18:00:00,2023-01-04,18
1.07462,1.07542,1.07345,1.07432,2036,1.0,52.854511970533494,0.000525677654264145,0.0005339635895547507,1.0746005,1.0735662000000001,1.0768493123181166,1.0723516876818835,0.0014799999999999894,0.01504939975752066,HOLD,0.15000000000000002,BUY,0.686888,HOLD,0.5182132577622427,2023-01-04 19:00:00,2023-01-04,19
1.07351,1.07447,1.07262,1.0735,3394,1.1,47.38706820194813,0.0003656024983837991,0.0005002913713205604,1.07462,1.0735278000000001,1.076820641054929,1.0724193589450708,0.0015485714285714389,0.015299048955737537,HOLD,0.15000000000000002,SELL,0.18737026,SELL,0.28960787458652226,2023-01-04 20:00:00,2023-01-04,20
1.07342,1.07342,1.07238,1.07253,1332,0.9,38.46838824576923,0.00015864216259831032,0.0004319615295761104,1.0745875,1.0734725999999999,1.076894321691375,1.0722806783086252,0.0015378571428571305,0.015642545052243585,HOLD,0.15000000000000002,SELL,0.13911247,SELL,0.16502561073325522,2023-01-04 21:00:00,2023-01-04,21
1.07142,1.07181,1.07107,1.0716,4527,1.7,35.880398671096,-7.950217071051036e-05,0.0003296687895187863,1.074474,1.0733608,1.0771268824442792,1.0718211175557206,0.0015742857142857028,0.01569941396986604,HOLD,2.7755575615628914e-17,SELL,0.15398334,SELL,0.28571880400376126,2023-01-04 22:00:00,2023-01-04,22
1.06983,1.07078,1.06909,1.07039,1778,1.9,32.39969719909047,-0.0003617006977107984,0.0001913948920728694,1.074394,1.0732026,1.0774309749492075,1.0713570250507927,0.0016878571428571298,0.014973727277133841,HOLD,2.7755575615628914e-17,BUY,0.80107844,HOLD,0.48652629689213633,2023-01-04 23:00:00,2023-01-04,23
1.07074,1.07111,1.07074,1.07079,5344,1.0,35.889570552145955,-0.0005467656325661707,4.376278714506138e-05,1.074247,1.0731222,1.0776783115491566,1.0708156884508433,0.001645714285714282,0.01369762534223705,HOLD,2.7755575615628914e-17,BUY,0.91787237,BUY,0.8228769972438037,2023-01-05 00:00:00,2023-01-05,0
1.07096,1.07138,1.07075,1.07106,2541,1.8,29.39189189189088,-0.0006639901184777308,-9.778779397949706e-05,1.0741150000000002,1.073078,1.0778265835746468,1.0704034164253535,0.001553571428571424,0.013763055850973227,HOLD,0.04999999999999999,BUY,0.9065301,BUY,0.8420193521115842,2023-01-05 01:00:00,2023-01-05,1
1.07127,1.07249,1.07091,1.07137,5434,1.3,31.557035803495864,-0.0007235364807332001,-0.00022293753133023768,1.073979,1.0730609999999998,1.0778884966697178,1.0700695033302823,0.0015678571428571209,0.013730951743002375,HOLD,0.15000000000000002,BUY,0.91430146,BUY,0.8314688809935822,2023-01-05 02:00:00,2023-01-05,2
1.07127,1.0713,1.06974,1.07094,1955,1.4,34.73877176901834,-0.0007962461778767693,-0.0003375992606395441,1.0737700000000001,1.0730438,1.0778651781659085,1.0696748218340917,0.001549999999999972,0.013141164075512276,HOLD,0.15000000000000002,BUY,0.91234696,BUY,0.8034422116594437,2023-01-05 03:00:00,2023-01-05,3
1.07058,1.0714,1.07058,1.07129,3353,0.9,24.656084656084744,-0.0008162182063751189,-0.00043332304978665906,1.0735845000000002,1.0730368,1.0777799635902185,1.0693890364097818,0.001444999999999966,0.01326933815318005,HOLD,0.04999999999999999,SELL,0.19541122,SELL,0.2990584971549345,2023-01-05 04:00:00,2023-01-05,4
1.07183,1.0722,1.07181,1.07211,2440,1.8,33.72591006423845,-0.0007571510696560146,-0.0004980886537605302,1.073438,1.0730568,1.0776240801913517,1.069251919808648,0.0013828571428571143,0.013667786415749346,HOLD,0.15000000000000002,SELL,0.12079122,SELL,0.24118764753158056,2023-01-05 05:00:00,2023-01-05,5
1.07287,1.07401,1.07269,1.07279,2369,1.1,31.374722838136904,-0.0006479998819739485,-0.0005280708994032139,1.073354,1.073073,1.0775202624926785,1.0691877375073213,0.0013735714285714026,0.013846304505780017,HOLD,0.15000000000000002,SELL,0.06776977,SELL,0.21136201588017758,2023-01-05 06:00:00,2023-01-05,6
1.07177,1.07269,1.07166,1.07188,4512,1.8,30.074388947926806,-0.0006276905482405226,-0.0005479948291706757,1.073151,1.0730578,1.07718011456905,1.0691218854309499,0.0013592857142856898,0.012984691156565703,HOLD,0.15000000000000002,SELL,0.102170825,SELL,0.2910537483184924,2023-01-05 07:00:00,2023-01-05,7
1.07171,1.07211,1.07135,1.07159,4352,1.7,29.978813559321893,-0.0006277594115746687,-0.0005639477456514743,1.0729404999999999,1.0730416,1.0768241687755136,1.0690568312244861,0.0013564285714285282,0.012985857520428476,SELL,0.45,SELL,0.23773336,HOLD,0.5296814067616534,2023-01-05 08:00:00,2023-01-05,8
1.07008,1.07134,1.07006,1.0706,3430,1.2,30.170575692963453,-0.000699633769895458,-0.0005910849505002711,1.072757,1.073005,1.076722127461946,1.0687918725380539,0.001324999999999957,0.012471914849241662,HOLD,0.25,HOLD,0.4413728,BUY,0.6496207747566721,2023-01-05 09:00:00,2023-01-05,9
1.06868,1.0695,1.06835,1.0687,3428,1.4,27.055449330783674,-0.0008995395062449951,-0.0006527758616492159,1.072388,1.0729284,1.0764240042772921,1.0683519957227077,0.0013535714285713826,0.01166446691078103,SELL,0.45,SELL,0.21304436,HOLD,0.5328474721158778,2023-01-05 10:00:00,2023-01-05,10
1.06807,1.06807,1.06747,1.06749,4004,1.9,26.448598130840793,-0.0011424338637124887,-0.0007507074620618705,1.072005,1.0728536,1.0763772161067604,1.0676327838932398,0.0013614285714285451,0.011860193252118158,SELL,0.30000000000000004,SELL,0.09323547,SELL,0.3288413305992253,2023-01-05 11:00:00,2023-01-05,11
1.06708,1.06708,1.06565,1.06665,6611,1.9,26.67295004712483,-0.0013867250684098664,-0.0008779109833314698,1.0715299999999999,1.0727412,1.0760672099008326,1.0669927900991671,0.0013885714285714057,0.01091696397965143,SELL,0.30000000000000004,SELL,0.16245541,SELL,0.22131164021164026,2023-01-05 12:00:00,2023-01-05,12
1.06692,1.06692,1.06569,1.06611,3873,1.3,28.47082494969753,-0.0016053950998005106,-0.0010234078066252781,1.071054,1.07263,1.0757739393394856,1.0663340606605143,0.001297142857142838,0.010918395946046593,SELL,0.30000000000000004,BUY,0.9606663,BUY,0.875037879420774,2023-01-05 13:00:00,2023-01-05,13
1.06541,1.06616,1.0654,1.06594,4498,1.2,25.025746652935283,-0.0017719839266756576,-0.001173123030635354,1.0705825,1.0725464,1.0753706119232402,1.0657943880767597,0.0012999999999999837,0.010942504807805594,SELL,0.45,BUY,0.9493435,BUY,0.8989347162155892,2023-01-05 14:00:00,2023-01-05,14
1.06553,1.06669,1.06553,1.06602,2616,1.3,23.529411764704918,-0.0018759269229264852,-0.0013136838090935803,1.0701675,1.0724328,1.075029848901725,1.065305151098275,0.001337857142857121,0.010895375822616564,SELL,0.45,BUY,0.96228135,BUY,0.9392855934085717,2023-01-05 15:00:00,2023-01-05,15
1.06574,1.0659,1.06432,1.06575,2655,1.5,20.358649789028163,-0.0019575241202973714,-0.0014424518713343386,1.0697800000000002,1.072307,1.0747579979065782,1.0648020020934221,0.001346428571428558,0.01081215640874748,SELL,0.45,BUY,0.96490854,BUY,0.9001691912921695,2023-01-05 16:00:00,2023-01-05,16
1.06624,1.06704,1.06622,1.0665,2745,2.0,27.346938775509244,-0.001939316521425205,-0.001541824801352512,1.0694785,1.0721876000000001,1.074485548820886,1.064471451179114,0.0013221428571428431,0.011241124292035274,SELL,0.45,BUY,0.9131241,BUY,0.930553763834637,2023-01-05 17:00:00,2023-01-05,17
1.06923,1.06927,1.06923,1.06924,3291,1.0,41.59146841673423,-0.0016843753368795955,-0.0015703349084579287,1.0693605,1.0721207999999998,1.0742672664344357,1.0644537335655642,0.001461428571428566,0.01489210225566163,SELL,0.65,BUY,0.95296156,BUY,0.8138888479879324,2023-01-05 18:00:00,2023-01-05,18
1.06953,1.07046,1.06849,1.06909,788,1.3,36.89236111111145,-0.0014774057440090083,-0.0015517490755681447,1.0692955,1.0720304,1.0741792322871582,1.0644117677128417,0.001537142857142856,0.014399910766553106,HOLD,0.25,BUY,0.7679832,BUY,0.6967590939778364,2023-01-05 19:00:00,2023-01-05,19
1.0703,1.07153,1.07023,1.07042,1474,1.6,40.26294165981878,-0.0011923166812868313,-0.0014798625967118821,1.069277,1.0719847999999998,1.0741396529471277,1.0644143470528724,0.0015757142857142834,0.015063980097180166,HOLD,0.15000000000000002,SELL,0.06272839,SELL,0.26930331962131027,2023-01-05 20:00:00,2023-01-05,20
1.06974,1.06978,1.06955,1.06958,2025,1.6,40.49586776859465,-0.0010223771970310214,-0.00138836551677571,1.0692030000000001,1.071919,1.073995951403665,1.0644100485963353,0.00155714285714286,0.015266675204969257,HOLD,0.15000000000000002,SELL,0.10990088,SELL,0.21669167940967,2023-01-05 21:00:00,2023-01-05,21
1.07051,1.07096,1.07008,1.07036,1617,0.9,45.115170770452266,-0.0008153604820497762,-0.0012737645098305234,1.0691525,1.0718972,1.0738700054737367,1.0644349945262632,0.001601428571428579,0.015481830438819864,HOLD,0.15000000000000002,SELL,0.04148834,SELL,0.1316984987678481,2023-01-05 22:00:00,2023-01-05,22
1.0712,1.07156,1.07062,1.07112,3382,1.3,52.103559870550555,-0.000583249261115304,-0.0011356614600874794,1.0691615,1.0718616,1.0738940269760402,1.06442897302396,0.0015778571428571547,0.015645929306747634,HOLD,0.15000000000000002,SELL,0.059399378,SELL,0.17952084309019242,2023-01-05 23:00:00,2023-01-05,23
1.06986,1.07029,1.06964,1.06996,3508,1.3,55.42168674698834,-0.00048728463774927455,-0.0010059860956198386,1.069095,1.0718026,1.0737381273489908,1.064451872651009,0.0015228571428571591,0.01606074535809205,HOLD,0.15000000000000002,SELL,0.08183494,SELL,0.16979543835793834,2023-01-06 00:00:00,2023-01-06,0
1.06905,1.06929,1.06819,1.06862,1240,1.1,54.80851063829737,-0.0005134401648811959,-0.0009074769094721102,1.0689205,1.07172,1.0733436423695208,1.064497357630479,0.0015614285714285866,0.01627823730081207,HOLD,0.15000000000000002,HOLD,0.4897983,SELL,0.3663398735922443,2023-01-06 01:00:00,2023-01-06,1
1.0678,1.06819,1.06614,1.06726,3312,1.7,52.48573757131223,-0.0006365712455131955,-0.0008532957766803274,1.068644,1.071603,1.0727269576483098,1.06456104235169,0.0016071428571428545,0.01644674271062093,HOLD,0.15000000000000002,BUY,0.81226844,BUY,0.6880990231315494,2023-01-06 02:00:00,2023-01-06,2
1.06704,1.06767,1.06704,1.06715,5843,0.8,54.391891891892755,-0.0007345620209882053,-0.0008295490255419031,1.0684075,1.0714824,1.0722416066344334,1.0645733933655666,0.0015642857142857006,0.016304043735572114,HOLD,0.15000000000000002,BUY,0.8673349,BUY,0.7977652173374875,2023-01-06 03:00:00,2023-01-06,3
1.06772,1.06839,1.06676,1.06748,3246,2.0,56.41666666666638,-0.0007766395570898421,-0.000818967131851491,1.068202,1.0713546,1.0717476161219464,1.0646563838780538,0.0016264285714285526,0.016410032765222807,HOLD,0.25,BUY,0.77954584,BUY,0.7518708273366047,2023-01-06 04:00:00,2023-01-06,4
1.06676,1.06797,1.06676,1.06728,3928,1.5,55.19801980198049,-0.0008167101103651042,-0.0008185157275542136,1.068036,1.0712604000000001,1.071415899718225,1.064656100281775,0.0016300000000000045,0.016180796695344665,HOLD,0.25,BUY,0.7471638,BUY,0.7452025908112253,2023-01-06 05:00:00,2023-01-06,5
1.0687,1.0687,1.06825,1.06838,6855,1.0,60.15444015444083,-0.0007510478930123909,-0.0008050221606458491,1.06802,1.0711534,1.0713896790414073,1.0646503209585927,0.0016100000000000003,0.015505912019202374,HOLD,0.25,HOLD,0.46278167,BUY,0.6070012229835126,2023-01-06 06:00:00,2023-01-06,6
1.06959,1.06959,1.06903,1.06947,911,0.9,61.173814898419906,-0.0006040926185282292,-0.0007648362522223252,1.068119,1.0710688,1.0715390824859237,1.0646989175140764,0.001604285714285709,0.015329484188207355,HOLD,0.25,SELL,0.21983576,HOLD,0.5158456158380426,2023-01-06 07:00:00,2023-01-06,7
1.06978,1.07041,1.06978,1.07002,2195,1.1,53.51351351351364,-0.0004381978294758504,-0.0006995085676730303,1.0682875,1.0709874000000001,1.071734804820626,1.064840195179374,0.001473571428571439,0.015031705245103985,HOLD,0.25,HOLD,0.51547295,BUY,0.6102994454254564,2023-01-06 08:00:00,2023-01-06,8
1.0687,1.06923,1.06804,1.06851,1240,1.4,47.67255216693403,-0.00042368541264603543,-0.0006443439366676313,1.0684075,1.0708551999999998,1.0716992304679576,1.0651157695320423,0.0014742857142857138,0.015881413933338397,HOLD,0.25,SELL,0.25563082,SELL,0.36321847328982204,2023-01-06 09:00:00,2023-01-06,9
1.06927,1.06927,1.06858,1.06904,2235,1.4,44.0823327615782,-0.00036520775943027495,-0.00058851670122016,1.0685625,1.070736,1.07165066331038,1.0654743366896202,0.0013542857142857048,0.015902737260549558,HOLD,0.25,BUY,0.93651056,BUY,0.8511183907547354,2023-01-06 10:00:00,2023-01-06,10
1.06906,1.07008,1.06864,1.06917,3365,0.9,48.127853881278405,-0.00030485965210225174,-0.0005317852913965784,1.0687200000000001,1.0706186,1.0715746619303939,1.0658653380696064,0.0013949999999999876,0.01590085315705499,HOLD,0.15000000000000002,BUY,0.9368494,BUY,0.8286326132054558,2023-01-06 11:00:00,2023-01-06,11
1.06972,1.07008,1.0688,1.06913,4246,1.8,43.976493633692044,-0.0002572950705534982,-0.0004768872472279624,1.068889,1.0705118,1.0713804244498824,1.0663975755501176,0.0013878571428571312,0.01584696833164547,HOLD,0.15000000000000002,BUY,0.9401839,BUY,0.8641383187992971,2023-01-06 12:00:00,2023-01-06,12
1.06797,1.06911,1.06797,1.06853,5282,0.9,37.114427860695635,-0.0002649604830660124,-0.0004345018943955724,1.0689905,1.0703636,1.0712241986085151,1.0667568013914848,0.0013849999999999696,0.01590606253170805,HOLD,0.15000000000000002,BUY,0.9472425,BUY,0.8628411862531012,2023-01-06 13:00:00,2023-01-06,13
1.06803,1.06879,1.06803,1.06845,3605,1.8,41.58305462653192,-0.00027432842183716666,-0.00040246719988389133,1.068951,1.0702166,1.0711940421072141,1.0667079578927858,0.0013335714285713784,0.01294602200283146,HOLD,0.15000000000000002,BUY,0.9877593,BUY,0.9480351360289282,2023-01-06 14:00:00,2023-01-06,14
1.06896,1.06979,1.06854,1.06911,4090,1.4,52.95536791314909,-0.0002258921525342128,-0.00036715219041395564,1.068952,1.0701134,1.071195320846658,1.0667086791533418,0.0013028571428570976,0.013143630441732928,HOLD,0.15000000000000002,BUY,0.97634923,BUY,0.9271826770479626,2023-01-06 15:00:00,2023-01-06,15
1.06916,1.06968,1.06916,1.06957,1736,1.9,65.62922868741461,-0.00014867408225383016,-0.0003234565687819306,1.0689094999999997,1.0699832,1.0710662565804618,1.0667527434195376,0.0011664285714285366,0.012420612892357352,HOLD,0.15000000000000002,BUY,0.9881797,BUY,0.9453693216519053,2023-01-06 16:00:00,2023-01-06,16
1.07054,1.0713,1.07054,1.07069,4643,1.8,71.07142857142848,2.863426737942376e-06,-0.000258192569677956,1.068965,1.0698940000000001,1.0712478467915483,1.0666821532084516,0.0012449999999999723,0.012662457729500932,HOLD,0.04999999999999999,BUY,0.9693628,BUY,0.9407923811413079,2023-01-06 17:00:00,2023-01-06,17
1.0707,1.07104,1.07056,1.07079,3331,1.2,70.2570379436965,0.00012953397165471614,-0.00018064726141142157,1.0689864999999998,1.0697868000000001,1.0713319078312171,1.0666410921687826,0.0011628571428571163,0.012410145658335349,HOLD,0.04999999999999999,BUY,0.9946155,BUY,0.9455424976914246,2023-01-06 18:00:00,2023-01-06,18
1.07041,1.07042,1.07021,1.07028,1135,1.7,67.68867924528274,0.00018661734477554148,-0.00010719434017402896,1.0689445,1.0696798,1.071155262907138,1.066733737092862,0.001117857142857091,0.012249142412542173,HOLD,0.15000000000000002,BUY,0.9945133,BUY,0.8559511083843421,2023-01-06 19:00:00,2023-01-06,19
1.07167,1.07218,1.07124,1.07139,3106,1.9,67.72673733804474,0.000317761100414371,-2.2203252056348982e-05,1.069016,1.0696002,1.0714466152567435,1.0665853847432565,0.001152142857142808,0.01216392584067547,HOLD,0.15000000000000002,BUY,0.9879026,BUY,0.9239647216061084,2023-01-06 20:00:00,2023-01-06,20
1.07236,1.07318,1.07216,1.07253,860,1.6,67.91569086651091,0.0005078280189299011,8.380300214090105e-05,1.0692115000000002,1.0695644,1.0720948261129615,1.066328173887039,0.0011935714285713811,0.011597219913964075,HOLD,2.7755575615628914e-17,BUY,0.967581,BUY,0.835012619617225,2023-01-06 21:00:00,2023-01-06,21
1.07188,1.07283,1.0712,1.07205,2416,1.2,61.983471074380056,0.0006126630346452444,0.00018957500864176974,1.069451,1.0695354,1.072445415152457,1.066456584847543,0.0012428571428570853,0.01054587459746746,HOLD,0.15000000000000002,BUY,0.9520922,BUY,0.897532944820477,2023-01-06 22:00:00,2023-01-06,22
1.07113,1.07229,1.07113,1.07175,1629,1.6,72.3140495867761,0.0006638851918621125,0.0002844370452858383,1.0696809999999999,1.0695198000000001,1.0726376617021658,1.066724338297834,0.0011842857142856694,0.010636892516651156,BUY,0.45,BUY,0.9757318,BUY,0.943562866019748,2023-01-06 23:00:00,2023-01-06,23
1.07302,1.07302,1.07278,1.0728,1700,2.0,74.16452442159337,0.0007802115521675645,0.00038359194666218356,1.069947,1.0695438,1.0730246758148083,1.0668693241851916,0.0012207142857142575,0.010976256902085382,BUY,0.45,BUY,0.973599,BUY,0.9353348898292719,2023-01-07 00:00:00,2023-01-07,0
1.07271,1.07384,1.07234,1.07321,3093,1.0,75.06203473945381,0.0008951656914135686,0.00048590669561246057,1.0702435,1.0696002,1.0733813321380086,1.0671056678619912,0.001224999999999968,0.010861657229191002,BUY,0.45,BUY,0.9655533,BUY,0.9411885483658573,2023-01-07 01:00:00,2023-01-07,1
1.07293,1.07293,1.0722,1.07254,6064,1.6,69.62025316455754,0.000921580863854965,0.0005730415292609615,1.0704515000000001,1.0696352,1.0736205760732271,1.067282423926773,0.0012057142857142544,0.010927631973462547,BUY,0.65,BUY,0.96262413,BUY,0.87733240801498,2023-01-07 02:00:00,2023-01-07,2
1.07171,1.07212,1.07171,1.07193,2096,1.4,69.54022988505753,0.0008831131970914452,0.0006350558628270582,1.0705744999999998,1.0696526,1.0737739899264536,1.067375010073546,0.0011821428571428458,0.010789994160025993,BUY,0.65,BUY,0.99045146,BUY,0.9407624023076966,2023-01-07 03:00:00,2023-01-07,3
1.07347,1.07456,1.07326,1.07359,3438,1.6,75.00000000000054,0.0009753323960988158,0.0007031111694814098,1.0707529999999998,1.069697,1.0742101975264438,1.067295802473556,0.0013157142857142773,0.011868282100978586,BUY,0.45,BUY,0.9511838,BUY,0.8988815304033096,2023-01-07 04:00:00,2023-01-07,4
1.07339,1.07441,1.07339,1.07395,1589,1.1,74.24849699398806,0.0010651869549100912,0.0007755263265671461,1.071025,1.0697572000000002,1.0745933727678783,1.0674566272321215,0.0012928571428571273,0.010304518023632114,BUY,0.45,BUY,0.8740323,BUY,0.7981920326864147,2023-01-07 05:00:00,2023-01-07,5
1.07399,1.07488,1.07364,1.07391,2956,1.4,72.6987447698745,0.0011202560599055111,0.0008444722732348191,1.0712685,1.0698096,1.0749299709439917,1.0676070290560082,0.0013407142857142823,0.01031235956318069,BUY,0.45,BUY,0.72408587,HOLD,0.5816857551896922,2023-01-07 06:00:00,2023-01-07,6
1.07562,1.07584,1.07501,1.07519,1692,1.5,73.14814814814861,0.0012527431813704748,0.0009261264548619502,1.0715695,1.0698712,1.075485531691718,1.0676534683082821,0.001354999999999995,0.01085230900960977,BUY,0.45,SELL,0.061733045,SELL,0.18852424242424246,2023-01-07 07:00:00,2023-01-07,7
1.07618,1.07618,1.0755,1.07582,4492,1.6,74.53658536585388,0.0013925237673457769,0.0010194059173587156,1.071904,1.0699318,1.0760771089004186,1.0677308910995813,0.0013914285714285515,0.010835293822058011,BUY,0.45,SELL,0.018979093,SELL,0.09985365853658537,2023-01-07 08:00:00,2023-01-07,8
1.07615,1.07691,1.07554,1.07636,3790,1.9,79.57198443579789,0.001529246177812471,0.0011213739694494668,1.0722955,1.0700214,1.0766028277831619,1.0679881722168383,0.0014478571428571435,0.010344800577543984,BUY,0.45,SELL,0.01168173,SELL,0.07400000000000001,2023-01-07 09:00:00,2023-01-07,9
1.07592,1.07626,1.07554,1.07618,3584,1.8,75.61497326203136,0.0016045785942431223,0.001218014894408198,1.072682,1.0701132,1.0769231746138639,1.068440825386136,0.0013707142857142887,0.01040196405414755,BUY,0.45,SELL,0.00872448,SELL,0.03585365853658537,2023-01-07 10:00:00,2023-01-07,10
1.07603,1.07603,1.07576,1.07576,1415,2.0,68.71378910776419,0.0016118096487771627,0.0012967738452819909,1.0730145,1.0702163999999998,1.0771169946197754,1.0689120053802246,0.0012728571428571392,0.010683206344176624,BUY,0.65,SELL,0.022711845,SELL,0.06666666666666667,2023-01-07 11:00:00,2023-01-07,11
1.075,1.075,1.07395,1.0743,2555,1.7,61.70655567117643,0.0014826395673006587,0.0013339469896857246,1.0732510000000002,1.0703284,1.0770516642078825,1.069450335792118,0.001285714285714287,0.012194245696095143,BUY,0.65,SELL,0.0244897,SELL,0.10823125035574757,2023-01-07 12:00:00,2023-01-07,12
1.07492,1.07492,1.07451,1.07453,1449,1.9,64.57023060796666,0.001382889337456339,0.0013437354592398475,1.073443,1.0704692,1.0770835268560333,1.0698024731439666,0.0012471428571428594,0.011797718618210795,BUY,0.65,SELL,0.08137376,SELL,0.13196727549467274,2023-01-07 13:00:00,2023-01-07,13
1.07372,1.07416,1.07348,1.07405,3185,1.2,56.96767001114818,0.001250687427037489,0.0013251258527993757,1.073606,1.0706172,1.0770319836850974,1.0701800163149027,0.0012314285714285658,0.01200384102781803,HOLD,0.25,SELL,0.051112585,SELL,0.19082736405095196,2023-01-07 14:00:00,2023-01-07,14
1.07342,1.07356,1.07323,1.0733,2291,0.8,50.48335123523052,0.0010730285236948411,0.0012747063869784688,1.073757,1.070761,1.0768118604929862,1.070702139507014,0.0011828571428571522,0.012182562841193383,HOLD,0.15000000000000002,SELL,0.055230565,SELL,0.13760933871028735,2023-01-07 15:00:00,2023-01-07,15
1.07559,1.07559,1.07468,1.07498,1445,1.0,61.82170542635645,0.001055625923939818,0.0012308902943707388,1.0739364999999998,1.0709418,1.0768230005219448,1.071049999478055,0.0012742857142857358,0.012825038874211441,HOLD,0.25,SELL,0.017096773,SELL,0.14510627944760962,2023-01-07 16:00:00,2023-01-07,16
1.07298,1.07298,1.07209,1.07262,5740,1.1,52.85832642916257,0.0008416993751410029,0.001153052110524792,1.073941,1.0710738,1.0768185347636163,1.0710634652363837,0.0014214285714285893,0.014860495838175128,HOLD,0.15000000000000002,SELL,0.13579236,SELL,0.357518367795117,2023-01-07 17:00:00,2023-01-07,17
1.07297,1.07337,1.07233,1.07332,1390,2.0,48.784878487848864,0.0007203415448839845,0.0010665099973966306,1.0740045,1.0712252,1.0767597856380782,1.0712492143619219,0.0013078571428571622,0.014929479055691522,HOLD,0.15000000000000002,BUY,0.6801997,HOLD,0.5867364129389359,2023-01-07 18:00:00,2023-01-07,18
1.07234,1.07306,1.07234,1.07257,2133,0.8,44.00000000000054,0.0005572225434589129,0.000964652506609087,1.0740455,1.0713466,1.0766813458145206,1.0714096541854794,0.0013050000000000164,0.015128546605275095,HOLD,0.15000000000000002,BUY,0.9694997,BUY,0.854188641772528,2023-01-07 19:00:00,2023-01-07,19
1.07159,1.072,1.07119,1.07123,3538,1.7,39.53125000000042,0.0003161780546676596,0.0008349576162208015,1.073967,1.0713864000000002,1.0768417181097556,1.0710922818902442,0.0013150000000000026,0.015356951461046986,HOLD,0.15000000000000002,BUY,0.94374204,BUY,0.9060166468360399,2023-01-07 20:00:00,2023-01-07,20
1.07142,1.07197,1.0714,1.07172,3503,0.8,35.55370524562892,0.00016281068533330334,0.0007005282300433019,1.0738925,1.071439,1.076922836962335,1.070862163037665,0.0012300000000000169,0.015388804932406944,HOLD,0.15000000000000002,BUY,0.9167517,BUY,0.7594116710350498,2023-01-07 21:00:00,2023-01-07,21
1.07239,1.07239,1.07188,1.07193,2125,1.0,33.2182916307173,5.754780981148677e-05,0.0005719321459969389,1.0738619999999999,1.0714692000000001,1.0769611516666115,1.0707628483333882,0.0012071428571428827,0.015271241596790629,HOLD,0.15000000000000002,BUY,0.9684882,BUY,0.7651479743541959,2023-01-07 22:00:00,2023-01-07,22
1.07335,1.07426,1.07335,1.07386,3953,1.8,40.36979969183428,0.00012838119440439222,0.00048322195567842955,1.0739585,1.0715548,1.0769215586970453,1.0709954413029548,0.0012757142857143006,0.016430283705256805,HOLD,0.15000000000000002,SELL,0.1763327,SELL,0.26067944505497365,2023-01-07 23:00:00,2023-01-07,23
1.0726,1.0744,1.0726,1.07338,1350,1.6,39.45783132530202,0.00014412380404960068,0.0004154023253526638,1.0739480000000001,1.0716151999999999,1.0769180370368114,1.0709779629631888,0.0013457142857142992,0.015586661758733822,HOLD,0.15000000000000002,BUY,0.8453172,BUY,0.8167643591787376,2023-01-08 00:00:00,2023-01-08,0
1.07419,1.0744,1.07394,1.0742,2240,0.9,44.2982456140354,0.0002202284263752574,0.00037636754555718256,1.0739605,1.0716767999999999,1.07693267605911,1.0709883239408902,0.0013885714285714532,0.015785351955629294,HOLD,0.25,BUY,0.907321,BUY,0.8034068565672127,2023-01-08 01:00:00,2023-01-08,1
1.07448,1.07482,1.07339,1.07419,2669,1.2,49.55028618152066,0.00027654710852353936,0.0003564034581504539,1.0739744999999998,1.0717614,1.0769483118370426,1.071000688162957,0.0013614285714285928,0.015784504952171423,HOLD,0.15000000000000002,BUY,0.90318286,BUY,0.9450676632846715,2023-01-08 02:00:00,2023-01-08,2
1.07414,1.07469,1.07414,1.07422,2855,0.9,48.71155444721525,0.0003199130605369138,0.0003491053786277459,1.073926,1.0718734,1.0768475237552795,1.0710044762447204,0.001356428571428576,0.015160384372339278,HOLD,0.25,BUY,0.9301217,BUY,0.8625583503174729,2023-01-08 03:00:00,2023-01-08,3
1.07335,1.07335,1.07218,1.07315,2240,1.0,46.434231378764466,0.0002648873755268788,0.0003322617780075725,1.0737925000000001,1.0719912,1.0765910400329137,1.0709939599670866,0.0014271428571428649,0.015326690784923302,HOLD,0.15000000000000002,BUY,0.92838526,BUY,0.8770047037573714,2023-01-08 04:00:00,2023-01-08,4
1.07435,1.07435,1.07333,1.07376,3565,1.8,51.84294871794912,0.0002674183929634033,0.0003192931009987387,1.0736625,1.0721234,1.0761869978656582,1.0711380021343417,0.0014542857142857096,0.015364457642128323,HOLD,0.25,BUY,0.8818341,BUY,0.8004561435337436,2023-01-08 05:00:00,2023-01-08,5
1.07455,1.07506,1.07416,1.07472,5760,1.3,48.894557823128665,0.0003429350773598294,0.00032402149627095686,1.0735895,1.0722682000000001,1.0758811826729966,1.0712978173270034,0.0013835714285714046,0.015777892740394563,BUY,0.65,SELL,0.14436895,SELL,0.26334526786536155,2023-01-08 06:00:00,2023-01-08,6
1.07482,1.07515,1.07376,1.07494,3301,0.9,62.058212058212064,0.0004157423363329027,0.000342365664283346,1.0735485,1.0724213999999999,1.0757018452555274,1.0713951547444727,0.0012764285714285434,0.01575774916660968,BUY,0.65,SELL,0.14911851,SELL,0.28185432062803784,2023-01-08 07:00:00,2023-01-08,7
1.07437,1.0745,1.07406,1.07424,3871,1.6,54.78170478170485,0.00041220680035647383,0.0003563338914979716,1.0735455,1.0725386000000001,1.075694599934006,1.0713964000659941,0.0012649999999999764,0.015161656677680073,BUY,0.65,SELL,0.18835182,SELL,0.36042524409050436,2023-01-08 08:00:00,2023-01-08,8
1.07332,1.07521,1.07332,1.07362,4344,2.0,55.53213909378278,0.0003552805906841261,0.0003561232313352025,1.0735,1.0726216,1.075599293114116,1.0714007068858837,0.001329999999999974,0.01527158230394473,HOLD,0.15000000000000002,BUY,0.9124571,BUY,0.8992320525305649,2023-01-08 09:00:00,2023-01-08,9
1.07333,1.07372,1.07333,1.07366,2621,1.8,64.83516483516553,0.00030982238549159824,0.00034686306216648164,1.0734805,1.0726944,1.0755654786064854,1.0713955213935147,0.0012592857142857009,0.015197890166991631,HOLD,0.25,BUY,0.96380764,BUY,0.8817131744543665,2023-01-08 10:00:00,2023-01-08,10
1.07127,1.07237,1.07127,1.07187,1899,1.2,50.79030558482662,0.00012788422033516156,0.0003030672938002177,1.073409,1.0727616,1.0756146282074504,1.0712033717925498,0.0013771428571428387,0.0161336907628631,HOLD,0.15000000000000002,BUY,0.896507,BUY,0.8224202850257254,2023-01-08 11:00:00,2023-01-08,11
1.07196,1.07267,1.07121,1.07211,5111,1.9,50.94537815125972,3.028002958149756e-06,0.00024305943563180413,1.0732655,1.072823,1.0754134632948016,1.0711175367051984,0.001433571428571415,0.014997262422317626,HOLD,0.15000000000000002,BUY,0.8758687,BUY,0.8290800535449974,2023-01-08 12:00:00,2023-01-08,12
1.07233,1.07294,1.07176,1.07207,3260,1.1,38.269986893839736,-9.801921012031478e-05,0.00017484370648138036,1.073238,1.072881,1.0754342992797752,1.0710417007202246,0.001351428571428559,0.01286662853838123,HOLD,0.15000000000000002,HOLD,0.46278095,BUY,0.7323856576267521,2023-01-08 13:00:00,2023-01-08,13
1.07378,1.07439,1.07332,1.07365,3816,1.0,51.54639175257737,-5.0030340479789714e-05,0.00012986889708914635,1.0732545,1.0729714,1.0754583385173493,1.0710506614826507,0.0013885714285714057,0.013740965384403173,HOLD,0.25,SELL,0.23501243,SELL,0.383391383954855,2023-01-08 14:00:00,2023-01-08,14
1.0734,1.0741,1.0734,1.07393,2906,1.8,48.351648351648294,1.0474105426760971e-05,0.00010598993875666929,1.0733225000000002,1.0730794000000001,1.0755213310291525,1.0711236689708479,0.0013657142857142718,0.013499230773474173,HOLD,0.25,SELL,0.21435595,HOLD,0.42289058574045063,2023-01-08 15:00:00,2023-01-08,15
1.0742,1.07629,1.07414,1.07476,2486,2.0,53.16315205327416,0.00012396933677272237,0.0001095858183598799,1.0734990000000002,1.0732056,1.0755525145739175,1.0714454854260829,0.0014321428571428343,0.012779703636902107,BUY,0.65,SELL,0.109379046,SELL,0.37211978159737746,2023-01-08 16:00:00,2023-01-08,16
1.07391,1.07399,1.07289,1.07356,2092,1.0,46.75834970530484,0.000115750850371521,0.00011081882476220814,1.073591,1.0732945999999999,1.0754660427363627,1.0717159572636372,0.0015264285714285636,0.013502533044179853,HOLD,0.25,BUY,0.8675487,BUY,0.7780535502954341,2023-01-08 17:00:00,2023-01-08,17
1.07309,1.07376,1.07309,1.07351,4905,1.3,51.96506550218308,0.00010400416330091922,0.00010945589246995036,1.0736700000000001,1.0733734,1.0753758907227382,1.071964109277262,0.001428571428571414,0.01350381167397745,HOLD,0.15000000000000002,BUY,0.7134228,BUY,0.7621013925175126,2023-01-08 18:00:00,2023-01-08,18
1.07271,1.07332,1.07223,1.07298,3867,1.0,45.70484581497763,5.133648353550235e-05,9.783201068306077e-05,1.0736260000000002,1.0734192,1.0753564748359696,1.0718955251640307,0.0014342857142857054,0.01198341080918925,HOLD,0.15000000000000002,BUY,0.9597974,BUY,0.91002605902944,2023-01-08 19:00:00,2023-01-08,19
1.07277,1.07374,1.07243,1.07263,4989,1.0,37.66233766233742,-1.8432627204134633e-05,7.45790831056217e-05,1.0735885,1.073456,1.0753730804460573,1.0718039195539428,0.0014349999999999957,0.011936676113481388,HOLD,0.15000000000000002,BUY,0.8896705,BUY,0.8913975912713995,2023-01-08 20:00:00,2023-01-08,20
1.0729,1.07306,1.07259,1.07289,2113,1.9,37.95534665099728,-5.214423673294277e-05,4.923441913790881e-05,1.073523,1.0735082,1.0753092409809804,1.0717367590190197,0.0013692857142857079,0.01161304764360164,HOLD,0.25,BUY,0.92189586,BUY,0.7846172847036524,2023-01-08 21:00:00,2023-01-08,21
1.07303,1.07372,1.07303,1.07367,4713,1.3,46.68218859138406,-1.5740007882403262e-05,3.62395337338464e-05,1.0734970000000001,1.0735538,1.0752573121732798,1.0717366878267205,0.0013657142857142876,0.01194566861058104,HOLD,0.25,BUY,0.9778014,BUY,0.9203614912935766,2023-01-08 22:00:00,2023-01-08,22
1.07376,1.07517,1.07247,1.07404,3647,0.8,52.51798561151144,4.247686666292161e-05,3.748700031966144e-05,1.073488,1.073584,1.0752345346140064,1.0717414653859936,0.0014235714285714288,0.012016586983132647,HOLD,0.15000000000000002,BUY,0.93827605,BUY,0.8012823271090497,2023-01-08 23:00:00,2023-01-08,23
1.0749,1.07579,1.0749,1.07524,2182,1.8,58.31578947368428,0.00018333080692856107,6.665576164144137e-05,1.0735925,1.0736478,1.0754968537376033,1.0716881462623966,0.0015207142857142722,0.012053561088694214,HOLD,0.15000000000000002,BUY,0.9449851,BUY,0.7485598906132034,2023-01-09 00:00:00,2023-01-09,0
1.07728,1.07759,1.0768,1.07729,8116,1.5,77.76639344262414,0.0004551299817017185,0.0001443506056534968,1.073769,1.0737586000000001,1.0762924304136756,1.0712455695863243,0.0015178571428571264,0.013585407620129821,BUY,0.30000000000000004,SELL,0.04223477,SELL,0.13319218712322162,2023-01-09 01:00:00,2023-01-09,1
1.07789,1.07808,1.07691,1.07751,4102,1.3,77.72073921971392,0.00068044124419675,0.00025156873336214746,1.0739085,1.0738528,1.0769154412680506,1.0709015587319493,0.0014971428571428319,0.013311976888304284,BUY,0.30000000000000004,SELL,0.060272384,SELL,0.1376258626931871,2023-01-09 02:00:00,2023-01-09,2
1.0766,1.07669,1.07612,1.07628,2627,1.7,69.25892040256116,0.0007510931878134119,0.00035147362425240036,1.0739755,1.0739142000000002,1.0771350567643898,1.0708159432356101,0.001512142857142835,0.014049035055480519,BUY,0.65,BUY,0.7536289,BUY,0.7180336191612336,2023-01-09 03:00:00,2023-01-09,3
1.07833,1.07833,1.07788,1.07801,5403,1.8,69.67509025270726,0.0009358935061702933,0.00046835760063597897,1.0741640000000001,1.0740236,1.0778034007603963,1.070524599239604,0.0014928571428571371,0.014794652614046356,BUY,0.5,SELL,0.10133138,SELL,0.18588812649338965,2023-01-09 04:00:00,2023-01-09,4
1.07711,1.07711,1.07635,1.07669,2615,0.9,61.38613861386096,0.000964715482020484,0.00056762917691288,1.0743175,1.0741188,1.078115792552691,1.070519207447309,0.001561428571428555,0.015397632036787559,BUY,0.65,BUY,0.918726,BUY,0.7549608353563819,2023-01-09 05:00:00,2023-01-09,5
1.07604,1.07651,1.07592,1.07651,6616,1.3,57.628596338274455,0.0009619439191452805,0.0006464921253593601,1.07446,1.0741772,1.0783667283391385,1.0705532716608614,0.0014478571428571277,0.015433351805981,BUY,0.65,BUY,0.8923298,BUY,0.75447355999836,2023-01-09 06:00:00,2023-01-09,6
1.07518,1.07643,1.07518,1.07559,2207,0.9,59.0705987488828,0.0008754198294949056,0.0006922776661864692,1.074646,1.0742099999999999,1.0783841075989187,1.0709078924010813,0.0014092857142857002,0.0144119764125092,BUY,0.65,BUY,0.897054,BUY,0.8190138606528069,2023-01-09 07:00:00,2023-01-09,7
1.07809,1.07809,1.07699,1.07736,4870,1.4,64.91092176607336,0.0009388505874099451,0.0007415922504311644,1.0749085,1.074279,1.078634094406837,1.071182905593163,0.0015399999999999858,0.015331944708773929,BUY,0.65,BUY,0.83051115,BUY,0.7904087323526273,2023-01-09 08:00:00,2023-01-09,8
1.07664,1.07725,1.07664,1.07701,1385,1.3,65.82875098193219,0.0009499276702502613,0.0007832593343949838,1.0751555,1.0743154,1.0787411231932897,1.0715698768067101,0.0014999999999999933,0.015435728142434438,BUY,0.65,BUY,0.8652314,BUY,0.7719584889243661,2023-01-09 09:00:00,2023-01-09,9
1.07829,1.07943,1.07736,1.07811,4013,1.9,70.3264094955488,0.0010355301976010534,0.0008337135070361978,1.0753785,1.0743612,1.0791212053260901,1.07163579467391,0.0015792857142857037,0.015030559710293524,BUY,0.45,HOLD,0.49313077,HOLD,0.5473553030387948,2023-01-09 10:00:00,2023-01-09,10
1.07897,1.07917,1.07882,1.07903,3930,0.9,71.71145685997178,0.0011641871042422647,0.0008998082264774112,1.0756335,1.0744145999999999,1.0796459032698684,1.0716210967301314,0.0016214285714285673,0.015204474089423077,BUY,0.45,BUY,0.77747995,BUY,0.6861336046742634,2023-01-09 11:00:00,2023-01-09,11
1.07685,1.07726,1.07667,1.0772,3261,1.2,61.61948650427921,0.0011057366794826606,0.0009409939170784612,1.0757555,1.074435,1.0798042891627329,1.0717067108372673,0.001730714285714268,0.01651981357052644,HOLD,0.25,BUY,0.94449776,BUY,0.8368770491547525,2023-01-09 12:00:00,2023-01-09,12
1.07851,1.07952,1.07829,1.0787,1348,0.9,64.27696078431347,0.0011669993190073225,0.0009861949974642335,1.0760124999999998,1.0744938,1.0801265113604288,1.0718984886395708,0.0017035714285714234,0.01644178025473474,BUY,0.65,SELL,0.07888492,SELL,0.16856756756756755,2023-01-09 13:00:00,2023-01-09,13
1.07887,1.07982,1.07887,1.0793,2206,1.5,62.91348600508894,0.0012495612238314635,0.0010388682427376796,1.0763019999999999,1.0745938000000002,1.0804887741633378,1.072115225836662,0.0016585714285714298,0.016441973973179022,BUY,0.65,SELL,0.17739801,SELL,0.26663133713174153,2023-01-09 14:00:00,2023-01-09,14
1.07945,1.0804,1.07945,1.07964,3077,1.6,58.38686652391105,0.001327128970074476,0.001096520388205039,1.076635,1.074696,1.0807683534238408,1.0725016465761592,0.0015692857142857175,0.016192798369423386,BUY,0.65,SELL,0.13903894,SELL,0.23943945540852984,2023-01-09 15:00:00,2023-01-09,15
1.07979,1.08007,1.07975,1.07977,2098,1.5,58.117816091953806,0.001383147814338015,0.0011538458734316342,1.0769920000000002,1.0748103999999998,1.0808958744587318,1.0730881255412685,0.0015164285714285932,0.016036950971903982,BUY,0.65,BUY,0.6868182,BUY,0.6819453292886325,2023-01-09 16:00:00,2023-01-09,16
1.07897,1.07968,1.0789,1.07906,4340,1.1,60.37313432835834,0.0013546366773440344,0.0011940040342141142,1.0773005,1.0749256,1.0807929850148588,1.0738080149851412,0.0014792857142857305,0.016417486122979514,BUY,0.65,BUY,0.88898855,BUY,0.7837033122413521,2023-01-09 17:00:00,2023-01-09,17
1.07869,1.07877,1.07812,1.07828,2128,1.5,51.08433734939757,0.0012546392147152474,0.001206131070314341,1.077531,1.0749916,1.0805970854521796,1.0744649145478204,0.0014000000000000043,0.01670652579620783,BUY,0.65,BUY,0.9027381,BUY,0.8335055544453861,2023-01-09 18:00:00,2023-01-09,18
1.07875,1.07978,1.07792,1.07858,2064,1.8,58.26771653543378,0.001185927365479511,0.0012020903293473752,1.077758,1.0751108,1.0803752271385583,1.0751407728614417,0.001414285714285717,0.016701343683230147,HOLD,0.25,BUY,0.88629264,BUY,0.828805666443171,2023-01-09 19:00:00,2023-01-09,19
1.07834,1.07845,1.07834,1.07838,4826,1.1,58.16593886462773,0.0011026240378391172,0.0011821970710457236,1.077915,1.0752119999999998,1.080258658857892,1.075571341142108,0.00137642857142858,0.016401707702622836,HOLD,0.25,BUY,0.94038355,BUY,0.7907885080332594,2023-01-09 20:00:00,2023-01-09,20
1.08087,1.08156,1.07986,1.08077,2977,1.0,70.04643962848206,0.0012154476525045865,0.0011888471873374962,1.0780889999999999,1.0753759999999999,1.0807345674946016,1.075443432505398,0.0015085714285714463,0.016872675312763034,BUY,0.30000000000000004,BUY,0.88746345,BUY,0.783016931027345,2023-01-09 21:00:00,2023-01-09,21
1.07972,1.08078,1.07899,1.0799,3961,1.1,60.56572379367683,0.0012205892576984123,0.0011951956014096795,1.0782085000000001,1.0755494,1.0809578254675265,1.0754591745324737,0.0014578571428571774,0.017215826373405175,BUY,0.65,BUY,0.9309108,BUY,0.6506756972491478,2023-01-09 22:00:00,2023-01-09,22
1.08147,1.08225,1.08127,1.08166,2700,1.4,67.31198808637359,0.0013511065921640864,0.0012263777995605608,1.0784775,1.0757482,1.0814740163984853,1.0754809836015147,0.0015742857142857344,0.017350874390532997,BUY,0.5,SELL,0.08013696,SELL,0.22064894386987408,2023-01-09 23:00:00,2023-01-09,23
1.08218,1.08275,1.08173,1.08191,1100,1.2,65.1033386327502,0.0014579095568632017,0.001272684151021089,1.0786725000000001,1.0759478,1.0820271126923784,1.075317887307622,0.0014792857142857465,0.016593999195879092,BUY,0.65,SELL,0.10918268,SELL,0.1841509009009009,2023-01-10 00:00:00,2023-01-10,0
1.08223,1.08269,1.08126,1.08232,7068,0.9,63.62883181441569,0.001557679292090608,0.0013296831792349929,1.078954,1.076117,1.0825447155129326,1.0753632844870673,0.0015057142857143008,0.01574711994293861,BUY,0.65,SELL,0.02228166,SELL,0.1333870048860587,2023-01-10 01:00:00,2023-01-10,1
1.08262,1.08296,1.08262,1.08292,3244,0.9,76.38376383763817,0.0016659583804643496,0.0013969382194808642,1.0792745,1.0763078,1.0830843071508145,1.0754646928491853,0.0013828571428571618,0.015694942023295376,BUY,0.45,SELL,0.04069239,SELL,0.06288068556361241,2023-01-10 02:00:00,2023-01-10,2
1.08182,1.08225,1.08122,1.08139,1624,1.8,62.37350505979755,0.0016097558613215046,0.0014395017478489923,1.0795645,1.0764516,1.083063741872791,1.076065258127209,0.0013385714285714429,0.01634979357089006,BUY,0.65,SELL,0.09431218,SELL,0.17772833141057004,2023-01-10 03:00:00,2023-01-10,3
1.08025,1.08038,1.07955,1.08021,9505,0.9,53.97379912663719,0.0014532466983312453,0.001442250737945443,1.079707,1.076572,1.083057193081644,1.076356806918356,0.0013900000000000182,0.016179746904018428,BUY,0.65,SELL,0.06926912,SELL,0.1630896192755108,2023-01-10 04:00:00,2023-01-10,4
1.0808,1.08092,1.08044,1.08063,3988,1.7,54.2931483087597,0.0013475686168051837,0.0014233143137173912,1.079888,1.0767001999999999,1.0830079163281765,1.0767680836718234,0.0013621428571428831,0.01611029219319167,HOLD,0.25,SELL,0.11466579,SELL,0.2708071025253884,2023-01-10 05:00:00,2023-01-10,5
1.07995,1.0805,1.07879,1.07978,1716,1.5,50.04081632653088,0.0011816092239651521,0.0013749732957669435,1.0799714999999999,1.0768328,1.0829783992596995,1.0769646007403002,0.0014628571428571626,0.016118769746915635,HOLD,0.25,SELL,0.041062057,SELL,0.23685636894753734,2023-01-10 06:00:00,2023-01-10,6
1.07754,1.07791,1.07744,1.07746,2978,1.8,44.22799422799514,0.0008530472013816848,0.0012705880768898918,1.079893,1.0769068,1.083079974146524,1.076706025853476,0.0015678571428571683,0.017652495220864296,HOLD,0.15000000000000002,BUY,0.9124342,BUY,0.8463279457863685,2023-01-10 07:00:00,2023-01-10,7
1.07745,1.0776,1.07705,1.07755,3407,1.7,47.228549734245,0.0005930849648685399,0.0011350874544856216,1.0799105,1.0769634,1.0830385091196666,1.0767824908803334,0.0015400000000000175,0.01657899242154874,HOLD,0.15000000000000002,BUY,0.95648557,BUY,0.9199845732286814,2023-01-10 08:00:00,2023-01-10,8
1.07751,1.07817,1.07751,1.07789,2498,1.6,47.38834216502627,0.0004097745520466045,0.000990024873997818,1.07987,1.0770224,1.0830837991946052,1.076656200805395,0.0014542857142857413,0.01581692628096145,HOLD,0.15000000000000002,BUY,0.9160471,BUY,0.8242077312491114,2023-01-10 09:00:00,2023-01-10,9
1.07808,1.07808,1.07734,1.07792,2943,1.5,48.236196319018795,0.00026387864967003516,0.0008447956291322616,1.079801,1.077096,1.0831237376157685,1.0764782623842315,0.001490000000000023,0.015664514486546974,HOLD,0.15000000000000002,BUY,0.9559118,BUY,0.8852012956557193,2023-01-10 10:00:00,2023-01-10,10
1.07799,1.07916,1.07799,1.07881,3077,1.0,41.5077989601389,0.00021756273014794658,0.0007193490493353986,1.0797595,1.0771998,1.0831113100373382,1.0764076899626618,0.0013514285714285748,0.015930784847343584,HOLD,0.15000000000000002,BUY,0.9800274,BUY,0.9512164472833766,2023-01-10 11:00:00,2023-01-10,11
1.07832,1.07832,1.07812,1.07815,2877,1.2,42.27714033539234,0.0001261464088113673,0.0006007085212305924,1.0796785,1.0772895999999998,1.0831066698355154,1.0762503301644846,0.0012728571428571392,0.01604583044392364,HOLD,0.15000000000000002,BUY,0.98523235,BUY,0.903774076307469,2023-01-10 12:00:00,2023-01-10,12
1.07876,1.08023,1.07851,1.07867,2004,1.1,35.18334985133828,9.456785039874127e-05,0.0004994803870642222,1.079659,1.0774256,1.0831063660425988,1.076211633957401,0.0012535714285714411,0.016006651900469446,HOLD,0.15000000000000002,BUY,0.921444,BUY,0.9006231624175688,2023-01-10 13:00:00,2023-01-10,13
1.08081,1.08098,1.08021,1.08032,3210,2.0,43.08093994778103,0.00020037304992825966,0.0004396589196370297,1.079761,1.0775898,1.0831569040343643,1.0763650959656357,0.0013407142857142982,0.0166734241847873,HOLD,0.25,BUY,0.86455256,BUY,0.61919392667401,2023-01-10 14:00:00,2023-01-10,14
1.07984,1.08026,1.07974,1.07996,2093,0.9,39.685314685315355,0.000252267459247113,0.0004021806275590464,1.0798299999999998,1.0777476,1.0831806448711727,1.076479355128827,0.0012800000000000272,0.016725510701176075,HOLD,0.15000000000000002,SELL,0.34145775,HOLD,0.5362047700229989,2023-01-10 15:00:00,2023-01-10,15
1.07954,1.07963,1.07945,1.07954,3708,1.2,34.991119005328244,0.0002565463559014436,0.0003730537732275259,1.079888,1.0778654,1.0831724680735852,1.0766035319264147,0.0012707142857143155,0.01678133293646101,HOLD,0.15000000000000002,BUY,0.9298261,BUY,0.8584139022719027,2023-01-10 16:00:00,2023-01-10,16
1.08049,1.0811,1.07959,1.08083,2685,1.9,47.459165154264504,0.00035988114552076844,0.0003704192476861744,1.079891,1.0780033999999998,1.0831789678574562,1.0766030321425437,0.0012607142857143133,0.015368249664670416,HOLD,0.25,SELL,0.17049949,SELL,0.22638158587598048,2023-01-10 17:00:00,2023-01-10,17
1.07876,1.07947,1.07872,1.07935,3907,1.7,46.20141342756245,0.0003186775630796834,0.00036007091076487626,1.0798635,1.0780952,1.0831603391560916,1.0765666608439086,0.0012800000000000272,0.015883780830643287,HOLD,0.25,BUY,0.9710803,BUY,0.8690694950026351,2023-01-10 18:00:00,2023-01-10,18
1.08004,1.08018,1.08004,1.08017,2958,1.1,48.03754266211644,0.0003481770063173961,0.00035769212987538026,1.079789,1.0782274,1.0829805671781614,1.0765974328218388,0.0012885714285714325,0.014954640477983077,HOLD,0.25,BUY,0.8808674,BUY,0.8181019296542462,2023-01-10 19:00:00,2023-01-10,19
1.07964,1.07979,1.07878,1.07958,2958,0.9,49.12739965095996,0.0003202557495227687,0.000350204853804858,1.0796725,1.0783487999999999,1.0827041774929298,1.0766408225070703,0.001256428571428571,0.015002553552265463,HOLD,0.25,BUY,0.9889107,BUY,0.9620162149253869,2023-01-10 20:00:00,2023-01-10,20
1.07982,1.08126,1.07909,1.0802,2921,1.2,64.03688524590115,0.0003441891722675283,0.00034900171749739205,1.0795664999999999,1.0784931999999998,1.0823461953638613,1.0767868046361384,0.0012442857142857136,0.015102229371044603,HOLD,0.25,BUY,0.9790181,BUY,0.9440180546850528,2023-01-10 21:00:00,2023-01-10,21
1.07949,1.08094,1.07928,1.08002,6220,1.9,62.53807106598925,0.0003446590713152009,0.00034813318826095385,1.0794215,1.0786410000000002,1.0817266911668824,1.0771163088331177,0.0013235714285714398,0.014904972837619658,HOLD,0.25,BUY,0.9168458,BUY,0.9089181775656264,2023-01-10 22:00:00,2023-01-10,22
1.07927,1.08041,1.07918,1.07979,2432,1.8,59.753593429157874,0.00032275190878761073,0.00034305693236628526,1.0793415,1.078779,1.081462763526168,1.077220236473832,0.0013642857142857226,0.014127411133834014,HOLD,0.25,BUY,0.9427326,BUY,0.9214449641699026,2023-01-10 23:00:00,2023-01-10,23
1.08222,1.08245,1.08172,1.08212,5715,0.9,67.44186046511581,0.00048777903890107055,0.00037200135367324234,1.079437,1.078948,1.0818717147244712,1.0770022852755288,0.0015014285714285741,0.015649123791151395,BUY,0.5,BUY,0.9009734,BUY,0.7902030766492979,2023-01-11 00:00:00,2023-01-11,0
1.08384,1.08445,1.08378,1.08381,7051,1.6,69.47040498442298,0.0007463298782899308,0.00044686705859658005,1.079596,1.0791434,1.082685932038101,1.076506067961899,0.0015792857142857195,0.01647921473508404,BUY,0.5,SELL,0.053906556,SELL,0.16067860300618922,2023-01-11 01:00:00,2023-01-11,1
1.0831,1.08351,1.08268,1.08341,5432,1.6,70.90620031796513,0.000908484184041658,0.0005391904836855956,1.0797775,1.0793068000000001,1.0833079800627916,1.0762470199372085,0.0016107142857142748,0.016230113940770462,BUY,0.30000000000000004,SELL,0.1627822,SELL,0.19821920939515533,2023-01-11 02:00:00,2023-01-11,2
1.08279,1.08295,1.08247,1.0827,2092,1.7,65.7791699295223,0.0009685368830316676,0.0006250597635548101,1.0800395,1.079415,1.0836231674834123,1.0764558325165878,0.0015292857142856933,0.014132888114415067,BUY,0.65,SELL,0.17304155,SELL,0.2761467392803473,2023-01-11 03:00:00,2023-01-11,3
1.08427,1.08427,1.08301,1.08378,2536,1.5,64.18032786885254,0.0010907031072200368,0.0007181884322878555,1.0803509999999998,1.0795404,1.0841026531093263,1.0765993468906734,0.0014764285714285532,0.014366564457873189,BUY,0.65,SELL,0.1898901,SELL,0.34450930059395796,2023-01-11 04:00:00,2023-01-11,4
1.08332,1.08386,1.08284,1.08351,3039,2.0,64.65730800990885,0.0011524492588523838,0.0008050405976007612,1.080632,1.079685,1.084448841350492,1.076815158649508,0.0015078571428571244,0.01449183800323291,BUY,0.65,SELL,0.17920671,SELL,0.1747780487280078,2023-01-11 05:00:00,2023-01-11,5
1.0829,1.08331,1.08278,1.08281,6401,1.8,63.19612590799084,0.0011318520926513198,0.000870402896610873,1.0808765,1.0797809999999999,1.0845868682609237,1.0771661317390764,0.001523571428571402,0.014828800940835166,BUY,0.65,SELL,0.11541884,SELL,0.19344450353241413,2023-01-11 06:00:00,2023-01-11,6
1.08354,1.08382,1.08317,1.08336,2683,1.1,60.85836909871312,0.001146690756252955,0.0009256604685392894,1.081104,1.0799144,1.0848387494807956,1.0773692505192045,0.001484285714285684,0.014700939218701761,BUY,0.65,SELL,0.081458345,SELL,0.20487650697661594,2023-01-11 07:00:00,2023-01-11,7
1.08187,1.08329,1.08112,1.08223,2668,1.9,62.74336283185828,0.001055106338775591,0.0009515496425865498,1.081308,1.0800288,1.0848012753443825,1.0778147246556173,0.0014935714285713958,0.015095434537243957,BUY,0.65,HOLD,0.59961,HOLD,0.5889558874726365,2023-01-11 08:00:00,2023-01-11,8
1.08203,1.08265,1.08144,1.08193,3404,1.8,58.16326530612236,0.0009473965377460036,0.0009507190216184406,1.081471,1.0801556,1.0847432302068178,1.0781987697931823,0.0015207142857142561,0.015140587598336842,HOLD,0.25,BUY,0.9615481,BUY,0.8513998236169344,2023-01-11 09:00:00,2023-01-11,9
1.08227,1.08227,1.08161,1.08175,3810,1.7,60.46287367405982,0.0008378530008967822,0.0009281458174741089,1.0815424999999999,1.0802434,1.0847710364127596,1.07831396358724,0.0014685714285714063,0.014264328201340853,HOLD,0.15000000000000002,BUY,0.9441956,BUY,0.8958590246478529,2023-01-11 10:00:00,2023-01-11,10
1.08265,1.08311,1.08227,1.08254,3026,1.9,61.1005692599621,0.00080550005321256,0.0009036166646217992,1.0816715000000001,1.080354,1.084839406663978,1.0785035933360223,0.0014107142857142652,0.014368196074477797,HOLD,0.15000000000000002,BUY,0.90607363,BUY,0.8664815235217547,2023-01-11 11:00:00,2023-01-11,11
1.08317,1.08333,1.08269,1.08298,5536,1.7,63.70370370370414,0.0008060725294916082,0.0008841078375957611,1.0818435,1.0804514,1.08489555556273,1.07879144443727,0.0013485714285713974,0.01427183251235479,HOLD,0.15000000000000002,HOLD,0.53685737,BUY,0.6402036532546873,2023-01-11 12:00:00,2023-01-11,12
1.08238,1.08424,1.08238,1.083,3100,1.5,65.15580736543896,0.0007989304806563791,0.0008670723662078847,1.081952,1.0805308,1.0850066365103925,1.0788973634896075,0.0013935714285714068,0.013740811980626414,HOLD,0.25,BUY,0.9236411,BUY,0.8555372130945506,2023-01-11 13:00:00,2023-01-11,13
1.08403,1.08403,1.08312,1.08381,2781,0.8,59.316427783902895,0.0008488456221027452,0.0008634270173868569,1.0821749999999999,1.080663,1.085077213311485,1.0792727866885148,0.0012771428571428497,0.012756764563558202,HOLD,0.25,SELL,0.1738881,HOLD,0.4466969823836689,2023-01-11 14:00:00,2023-01-11,14
1.08291,1.08294,1.08199,1.08249,2412,1.0,42.41379310344828,0.0007729803269727054,0.0008453376793040267,1.0822910000000001,1.0807388,1.0850370432779384,1.0795449567220619,0.0012407142857142775,0.01352750636682373,HOLD,0.15000000000000002,BUY,0.9408356,BUY,0.9422946271363694,2023-01-11 15:00:00,2023-01-11,15
1.08444,1.08451,1.08365,1.0843,5422,1.5,54.40158259149382,0.0008491202772045181,0.000846094198884125,1.082527,1.0808388,1.085097734893924,1.0799562651060761,0.0013042857142857261,0.01437085869171283,BUY,0.65,SELL,0.20479926,SELL,0.36925535484214783,2023-01-11 16:00:00,2023-01-11,16
1.08349,1.08442,1.08303,1.08363,1977,1.9,54.61767626613751,0.00084565020656302,0.0008460054004199041,1.0826985,1.0809186,1.0850651389669956,1.0803318610330044,0.0013364285714285876,0.014600682028331412,HOLD,0.25,BUY,0.78897655,BUY,0.7533546135572878,2023-01-11 17:00:00,2023-01-11,17
1.08581,1.08581,1.08538,1.08551,1466,1.6,57.95768169273238,0.000983265960829094,0.0008734575125017421,1.082973,1.0810334,1.0853048309950717,1.0806411690049282,0.0013800000000000004,0.015566569855314561,BUY,0.5,BUY,0.85993576,BUY,0.7147807536863816,2023-01-11 18:00:00,2023-01-11,18
1.08365,1.08423,1.08328,1.08359,1962,1.4,50.3194888178917,0.000926716868464128,0.0008841093836942194,1.083163,1.081124,1.0849609532223,1.0813650467777003,0.0014664285714285669,0.017090576789144777,BUY,0.65,BUY,0.935747,BUY,0.8903620666144705,2023-01-11 19:00:00,2023-01-11,19
1.08363,1.08363,1.08215,1.08298,8356,1.6,50.683829444891416,0.0008231901793636087,0.0008719255428280973,1.083206,1.081218,1.08493888199255,1.0814731180074497,0.0015200000000000133,0.015567391885565201,HOLD,0.25,BUY,0.89596534,BUY,0.7869459259967428,2023-01-11 20:00:00,2023-01-11,20
1.08429,1.08463,1.08384,1.08429,5745,0.9,53.52539802880928,0.0008371998653462498,0.0008649804073317279,1.08323,1.0813322,1.0850107390541717,1.0814492609458282,0.0015657142857142972,0.015155648276609819,HOLD,0.25,BUY,0.9186307,BUY,0.8286547816738783,2023-01-11 21:00:00,2023-01-11,21
1.08442,1.08442,1.08373,1.08411,3115,1.3,57.67973856209113,0.0008242764014825266,0.0008568396061618877,1.0832650000000001,1.0814468,1.0850876585556906,1.0814423414443097,0.001455,0.015103101083536507,HOLD,0.25,BUY,0.95634013,BUY,0.9167173306822702,2023-01-11 22:00:00,2023-01-11,22
1.08543,1.08594,1.08523,1.08571,2786,1.1,63.95864106351524,0.0009323930448772444,0.0008719502939049591,1.0834154999999999,1.0815456,1.0855174136644348,1.081313586335565,0.0014992857142857188,0.01569824590444879,BUY,0.5,BUY,0.786262,BUY,0.7925316699209302,2023-01-11 23:00:00,2023-01-11,23
1.08796,1.08796,1.0868,1.08735,5489,0.9,68.66666666666696,0.0011373004658288277,0.0009250203282897329,1.0835940000000002,1.0816945999999998,1.0863353358249896,1.0808526641750107,0.0016128571428571461,0.016168811039170897,BUY,0.5,SELL,0.07725104,SELL,0.1781932749692935,2023-01-12 00:00:00,2023-01-12,0
1.08838,1.08861,1.08782,1.08799,1131,1.5,68.35016835016843,0.0013359339099838774,0.0010072030446285618,1.0838180000000002,1.0818212,1.0871900248485233,1.080445975151477,0.0016057142857142897,0.016157709204499267,BUY,0.5,SELL,0.061339423,SELL,0.12210147810147808,2023-01-12 01:00:00,2023-01-12,1
1.08688,1.08806,1.08688,1.08745,3503,1.1,64.94983277591984,0.0014332571621284984,0.001092413868128549,1.08405,1.081932,1.0877523179083985,1.0803476820916014,0.0016335714285714406,0.016061345123048333,BUY,0.65,SELL,0.08115257,SELL,0.1471078505525465,2023-01-12 02:00:00,2023-01-12,2
1.08717,1.08785,1.08717,1.08729,3644,1.8,64.21471172962285,0.001480410625636086,0.0011700132196300565,1.0842465000000001,1.0820314,1.0882030603083737,1.0802899396916266,0.0015492857142857133,0.016070824889850014,BUY,0.65,SELL,0.13747519,SELL,0.15305927593875446,2023-01-12 03:00:00,2023-01-12,3
1.0866,1.08758,1.08601,1.08602,6840,1.7,57.10610932475901,0.0013991729047302393,0.0012158451566500932,1.084436,1.0820934,1.0883487075024993,1.0805232924975006,0.0015878571428571409,0.0162027307029907,BUY,0.65,SELL,0.028422492,SELL,0.16024157976620973,2023-01-12 04:00:00,2023-01-12,4
1.08565,1.08572,1.08493,1.08552,2237,1.6,60.28513238289242,0.001279694087442218,0.0012286149428085182,1.0846155000000002,1.082176,1.0883703479540472,1.0808606520459532,0.001535714285714291,0.016283434936018693,BUY,0.65,SELL,0.078292236,SELL,0.25521877890095956,2023-01-12 05:00:00,2023-01-12,5
1.08515,1.08553,1.08494,1.08542,2661,1.1,54.3010752688173,0.0011635247110777236,0.0012155968964623594,1.084799,1.0822802,1.0883153491833244,1.0812826508166757,0.001433571428571431,0.016265448633656625,HOLD,0.25,SELL,0.10462732,SELL,0.25528293626752596,2023-01-12 06:00:00,2023-01-12,6
1.08564,1.08598,1.08496,1.08581,2960,0.9,58.55572998430099,0.0010903603881586843,0.0011905495948016244,1.0849625,1.0823838000000001,1.0883378526131766,1.0815871473868235,0.0014071428571428607,0.016148799176890362,HOLD,0.25,SELL,0.28656307,SELL,0.3937149898666953,2023-01-12 07:00:00,2023-01-12,7
1.08309,1.08366,1.08278,1.08318,3082,1.9,41.36397331356568,0.0008108115837275331,0.0011146019925868062,1.0849725000000001,1.0824518,1.088324224615009,1.0816207753849911,0.0014678571428571477,0.018505472213560463,HOLD,0.15000000000000002,BUY,0.9591059,BUY,0.9138716848065495,2023-01-12 08:00:00,2023-01-12,8
1.08403,1.08403,1.08341,1.08374,1882,2.0,50.61830173124434,0.0006272242117804083,0.0010171264364255267,1.0850095,1.0825774,1.0882850134591653,1.0817339865408346,0.0013692857142857237,0.01859294416629655,HOLD,0.15000000000000002,BUY,0.96930975,BUY,0.9504420447722067,2023-01-12 09:00:00,2023-01-12,9
1.08416,1.08528,1.08416,1.0846,3763,1.5,56.54281098546033,0.000544844086046492,0.0009226699663497197,1.085049,1.0827184,1.0882823909201063,1.0818156090798936,0.0013735714285714343,0.01861684392912375,HOLD,0.15000000000000002,BUY,0.94230753,BUY,0.8982667545721817,2023-01-12 10:00:00,2023-01-12,10
1.08442,1.085,1.08439,1.08456,2273,1.1,51.21512151215118,0.0004709013198898049,0.0008323162370577368,1.0851525,1.0828518,1.0881660404951503,1.0821389595048496,0.001299285714285725,0.018023435296108493,HOLD,0.15000000000000002,BUY,0.9621319,BUY,0.959483135757988,2023-01-12 11:00:00,2023-01-12,11
1.0848,1.0854,1.08423,1.08478,3693,0.9,53.0044843049335,0.0004251524139848861,0.0007508834724431667,1.0851765,1.082989,1.0881690259529484,1.0821839740470516,0.001333571428571442,0.017047693565745634,HOLD,0.15000000000000002,BUY,0.97619087,BUY,0.9662791377122139,2023-01-12 12:00:00,2023-01-12,12
1.08551,1.08574,1.08455,1.08553,1969,1.4,49.12621359223375,0.00044429327216199965,0.0006895654323869333,1.0852715,1.0831233999999998,1.0881766698021063,1.0823663301978936,0.001287857142857158,0.01702866235480126,HOLD,0.15000000000000002,BUY,0.94516116,BUY,0.8942840424628318,2023-01-12 13:00:00,2023-01-12,13
1.08568,1.0865,1.08472,1.08601,4062,0.9,42.6695842450757,0.0004925170981167071,0.0006501557655328881,1.0852965,1.0832806000000001,1.0882188658404428,1.0823741341595574,0.0012542857142857316,0.015954997662087408,HOLD,0.15000000000000002,BUY,0.959928,BUY,0.9450086334892478,2023-01-12 14:00:00,2023-01-12,14
1.08803,1.089,1.08803,1.08824,2894,1.7,51.16495806151019,0.0007025783053675738,0.0006606402734998252,1.085529,1.083472,1.0886150289591914,1.0824429710408086,0.001377857142857161,0.016028724485164715,BUY,0.65,BUY,0.90972745,BUY,0.8143758712843008,2023-01-12 15:00:00,2023-01-12,15
1.08723,1.08797,1.08723,1.08754,3169,1.0,50.41322314049552,0.0008033091280814642,0.000689174044416153,1.085757,1.0836164,1.0887214923236483,1.0827925076763518,0.0013657142857143193,0.016082830244099705,BUY,0.65,BUY,0.8259277,BUY,0.8045245281052693,2023-01-12 16:00:00,2023-01-12,16
1.08941,1.0895,1.08903,1.0893,2933,1.7,58.04643714971908,0.0010134736287481516,0.0007540339612825528,1.0860075,1.0838032,1.0892806692351962,1.0827343307648039,0.001457142857142887,0.016480080689936567,BUY,0.5,BUY,0.93111545,BUY,0.829648778780455,2023-01-12 17:00:00,2023-01-12,17
1.09131,1.09131,1.09017,1.09027,3461,1.8,67.43232157506168,0.001243961785923009,0.0008520195262106442,1.0863155,1.0840178,1.089973537869236,1.082657462130764,0.0014885714285714582,0.01656894079697306,BUY,0.5,BUY,0.8675645,BUY,0.8109629504856233,2023-01-12 18:00:00,2023-01-12,18
1.08885,1.09016,1.08885,1.08945,3295,1.8,65.70743405275745,0.0013449543673456077,0.0009506064944376369,1.0865025000000001,1.0841902,1.0904044556500392,1.0826005443499611,0.0015121428571428825,0.01632871476703121,BUY,0.65,BUY,0.828444,BUY,0.8047581686773931,2023-01-12 19:00:00,2023-01-12,19
1.09191,1.09208,1.09124,1.09149,3083,1.0,71.0034602076121,0.001571487536638605,0.0010747827028778304,1.0867095,1.084433,1.0911962030446267,1.0822227969553733,0.0016578571428571554,0.01676680423070075,BUY,0.30000000000000004,BUY,0.76239264,BUY,0.6915159802659804,2023-01-12 20:00:00,2023-01-12,20
1.09269,1.09296,1.09206,1.09242,2406,1.9,72.04803202134717,0.0018052501332452842,0.0012208761889513212,1.0869309999999999,1.084678,1.0920733684897475,1.0817886315102523,0.001690000000000001,0.016875484318446772,BUY,0.30000000000000004,SELL,0.10139562,SELL,0.19256756756756757,2023-01-12 21:00:00,2023-01-12,21
1.09219,1.09227,1.09153,1.09205,8360,0.9,84.83896307933891,0.0019383091461624424,0.0013643627803935456,1.087161,1.0849274,1.0927896032669733,1.0815323967330268,0.001537142857142872,0.016797852629445567,BUY,0.45,SELL,0.03990464,SELL,0.14800000000000002,2023-01-12 22:00:00,2023-01-12,22
1.09106,1.09106,1.09076,1.09089,2989,1.3,76.81920480119923,0.0019279330549017981,0.0014770768352951962,1.087341,1.0851412,1.0932120060108204,1.0814699939891794,0.001568571428571443,0.017361656270783735,BUY,0.45,SELL,0.06508144,SELL,0.20042122610415294,2023-01-12 23:00:00,2023-01-12,23
1.09005,1.09005,1.08963,1.08973,5397,1.7,68.81878209831248,0.0018052972790720823,0.0015427209240505735,1.0875265,1.0853354,1.0934559173850775,1.0815970826149226,0.001548571428571423,0.01725864776232711,BUY,0.65,BUY,0.8042834,BUY,0.7144887164922737,2023-01-13 00:00:00,2023-01-13,0
1.09264,1.09299,1.09222,1.09255,3470,1.4,74.34491163924413,0.00191359919511358,0.0016168965782631748,1.087878,1.0855906,1.0941312336056206,1.0816247663943792,0.0017378571428571243,0.01907545862046665,BUY,0.45,SELL,0.04106394,SELL,0.06456756756756757,2023-01-13 01:00:00,2023-01-13,1
1.09141,1.09207,1.09073,1.09145,1031,1.4,69.28860613071149,0.0018888944376518335,0.0016712961501409067,1.0881795,1.0857771999999999,1.0945146699183912,1.081844330081609,0.0017842857142856986,0.019608663267201464,BUY,0.65,SELL,0.0739671,SELL,0.16714285714285715,2023-01-13 02:00:00,2023-01-13,2
1.09097,1.09106,1.09025,1.09079,1958,1.8,65.29069767441818,0.0017953634232570348,0.0016961096047641323,1.0884285,1.0859168,1.0947630079151003,1.0820939920848998,0.001784999999999989,0.019852553200403626,BUY,0.65,SELL,0.09034885,SELL,0.17968212955267837,2023-01-13 03:00:00,2023-01-13,3
1.09022,1.09073,1.09022,1.09053,6685,1.6,63.309776207302946,0.0016808834157024943,0.0016930643669518049,1.0887959999999999,1.0860592,1.0946856319248897,1.08290636807511,0.0016985714285714065,0.017337928136265394,HOLD,0.25,SELL,0.14035879,SELL,0.11641304347826086,2023-01-13 04:00:00,2023-01-13,4
1.09014,1.091,1.0895,1.09017,5500,2.0,56.38649900728002,0.0015433177868129366,0.0016631150509240312,1.0891175,1.0862086,1.094527517511417,1.0837074824885828,0.0015921428571428356,0.01748257107495466,HOLD,0.25,BUY,0.7862669,BUY,0.6214502627600517,2023-01-13 05:00:00,2023-01-13,5
1.08958,1.08958,1.08855,1.08919,2363,1.0,55.36062378167705,0.0013397741426763865,0.0015984468692745025,1.089347,1.0863168,1.094322062443422,1.0843719375565781,0.0016357142857142642,0.017872145736808304,HOLD,0.15000000000000002,BUY,0.9252852,BUY,0.9335034652588375,2023-01-13 06:00:00,2023-01-13,6
1.08924,1.08963,1.08912,1.08941,4397,1.6,50.397111913357605,0.001182584402766862,0.0015152743759729746,1.0895895,1.0864348,1.0940257358392236,1.0851532641607764,0.0015321428571428391,0.017848164269401202,HOLD,0.15000000000000002,BUY,0.96954995,BUY,0.94951303915617,2023-01-13 07:00:00,2023-01-13,7
1.08932,1.0906,1.089,1.08955,3854,1.8,47.235023041474314,0.0010571213939742918,0.001423643779573238,1.089828,1.0865696,1.0936452329465964,1.0860107670534036,0.0015028571428571233,0.017851267564134573,HOLD,0.15000000000000002,BUY,0.9710995,BUY,0.9244722776145538,2023-01-13 08:00:00,2023-01-13,8
1.08935,1.09014,1.08935,1.08974,4523,1.9,51.17029862792542,0.0009619338925672682,0.001331301802172044,1.0900385,1.0866972,1.0932784563025242,1.0867985436974756,0.0014578571428571299,0.01776431859316195,HOLD,0.15000000000000002,BUY,0.97063667,BUY,0.885741951757796,2023-01-13 09:00:00,2023-01-13,9
1.09016,1.09151,1.09016,1.09047,5185,1.5,45.39711191335702,0.000934628198957066,0.0012519670815290484,1.0902615,1.086862,1.0928902901960598,1.0876327098039402,0.0013964285714285682,0.01782477044154871,HOLD,0.25,BUY,0.92429596,BUY,0.8555567175890816,2023-01-13 10:00:00,2023-01-13,10
1.09028,1.09048,1.09028,1.09034,1860,0.9,39.88326848249037,0.0008922134452857833,0.0011800163542803953,1.0903665,1.0870302,1.0928170318434889,1.0879159681565111,0.001305714285714291,0.01645306240918094,HOLD,0.15000000000000002,BUY,0.95532787,BUY,0.910929297508592,2023-01-13 11:00:00,2023-01-13,11
1.09056,1.09081,1.09032,1.09071,3852,1.7,43.48249027237366,0.0008783305078476911,0.0011196791849938544,1.090525,1.0872093999999999,1.0925846729429067,1.0884653270570932,0.0012771428571428656,0.01623504651203292,HOLD,0.15000000000000002,BUY,0.9765088,BUY,0.9199682100244176,2023-01-13 12:00:00,2023-01-13,12
1.09064,1.09091,1.09014,1.09042,2457,0.9,47.502656748140296,0.000834310194950616,0.0010626053869852068,1.0905809999999998,1.087367,1.092559749206245,1.0886022507937545,0.001240000000000003,0.015320669357242045,HOLD,0.15000000000000002,BUY,0.9724939,BUY,0.9210043638751197,2023-01-13 13:00:00,2023-01-13,13
1.09071,1.09183,1.0907,1.09082,2952,1.2,56.300578034681294,0.0008222223692340158,0.0010145287834349686,1.0906085,1.0875237999999998,1.092584335865801,1.0886326641341992,0.0012507142857143114,0.015050868052432333,HOLD,0.25,BUY,0.9871416,BUY,0.9150417964540359,2023-01-13 14:00:00,2023-01-13,14
1.09084,1.09137,1.09007,1.09049,1935,0.9,33.279220779220424,0.0007770570086957918,0.0009670344284871333,1.0906604999999998,1.0876736,1.0925612751881675,1.0887597248118321,0.001110714285714314,0.014825657442545949,HOLD,0.25,BUY,0.9712039,BUY,0.8915999423330767,2023-01-13 15:00:00,2023-01-13,15
1.09147,1.09246,1.09147,1.09153,3087,0.9,50.65573770491689,0.000815778654898569,0.0009367832737694205,1.0906625,1.087828,1.0925670306094337,1.0887579693905665,0.0011214285714286065,0.013637166706180481,HOLD,0.25,BUY,0.8559536,BUY,0.8596701674541712,2023-01-13 16:00:00,2023-01-13,16
1.09288,1.09299,1.09216,1.0928,4109,1.8,64.97764530551517,0.0009381300454573971,0.0009370526281070158,1.0906815,1.0880342,1.0926657673313518,1.0886972326686484,0.0011400000000000299,0.013936141107694432,BUY,0.5,SELL,0.26913983,SELL,0.3190880291794926,2023-01-13 17:00:00,2023-01-13,17
1.09323,1.09355,1.09153,1.093,2149,1.7,68.57142857142887,0.0010392528723004446,0.0009574926769457016,1.090729,1.0882082,1.09288891130426,1.0885690886957402,0.0012435714285714708,0.01388209483384211,BUY,0.5,SELL,0.104793124,SELL,0.25251485844778526,2023-01-13 18:00:00,2023-01-13,18
1.09169,1.09169,1.09088,1.091,1708,1.6,55.00603136308743,0.000947092661168103,0.000955412673790182,1.0907345,1.0883556,1.0928966964953202,1.0885723035046797,0.001287857142857174,0.014921729374310222,HOLD,0.25,BUY,0.9602056,BUY,0.8981476832344529,2023-01-13 19:00:00,2023-01-13,19
1.09227,1.0932,1.09227,1.09279,2635,1.4,69.78021978021907,0.0010068863115781923,0.0009657074013477841,1.0908875,1.0885012,1.0931795721491713,1.0885954278508287,0.0013292857142857312,0.015431247006835963,BUY,0.65,SELL,0.18618071,SELL,0.306204016420038,2023-01-13 20:00:00,2023-01-13,20
1.09236,1.09236,1.09179,1.09187,4046,1.4,62.551020408162756,0.0009688683874085058,0.0009663395985599285,1.0908535000000001,1.0886668,1.0930603245822919,1.0886466754177084,0.0013642857142857226,0.012794574020648942,BUY,0.65,BUY,0.8943167,BUY,0.8291268133682195,2023-01-13 21:00:00,2023-01-13,21
1.09076,1.0913,1.09076,1.09119,2195,1.0,57.930367504836155,0.000873796015054662,0.0009478308818588753,1.0908405,1.0888309999999999,1.093035561202877,1.0886454387971232,0.0013292857142857154,0.012474650041195865,HOLD,0.25,BUY,0.9702734,BUY,0.9122638519064286,2023-01-13 22:00:00,2023-01-13,22
1.0913,1.0913,1.09002,1.09115,1603,1.1,56.91854759568275,0.0007861604411016909,0.0009154967937074386,1.0908585,1.0889681999999998,1.0930577178035685,1.0886592821964314,0.0013642857142857068,0.012277865001081644,HOLD,0.25,BUY,0.9533786,BUY,0.8992006402824735,2023-01-13 23:00:00,2023-01-13,23
1.09099,1.09204,1.09099,1.09124,3496,1.4,54.03141361256523,0.0007157204849721488,0.0008755415319603807,1.090894,1.0891108,1.0930938124322331,1.088694187567767,0.0013128571428571315,0.012242203605668389,HOLD,0.25,BUY,0.96908957,BUY,0.9389814214890485,2023-01-14 00:00:00,2023-01-14,0
1.09245,1.09291,1.09245,1.0927,2704,1.5,60.84558823529396,0.0007688433628194602,0.0008542018981321966,1.0910205,1.0892506,1.0933330968543375,1.0887079031456623,0.0014178571428571374,0.012995011657308014,HOLD,0.25,SELL,0.10286031,SELL,0.3373957477055224,2023-01-14 01:00:00,2023-01-14,1
1.09236,1.09279,1.09177,1.09235,7712,2.0,57.55064456721861,0.000773781875516466,0.0008381178936090506,1.0911785,1.0893506000000002,1.0933942833354462,1.088962716664554,0.0014557142857142744,0.012550185007522809,HOLD,0.25,SELL,0.08637744,SELL,0.21433015589276472,2023-01-14 02:00:00,2023-01-14,2
1.09184,1.09251,1.09184,1.09229,1177,1.3,58.795860771402126,0.0007640467287632902,0.0008233036606398985,1.0913225,1.0894366,1.0934258394500824,1.0892191605499175,0.001448571428571434,0.012567876924640327,HOLD,0.15000000000000002,SELL,0.05231725,SELL,0.24002742013649986,2023-01-14 03:00:00,2023-01-14,3
1.09287,1.09287,1.09172,1.09258,2341,1.1,58.36501901140793,0.00077084629493962,0.0008128121874998429,1.091474,1.0895392000000002,1.0934737199804396,1.0894742800195605,0.0014299999999999949,0.012576730662478452,HOLD,0.15000000000000002,SELL,0.10888859,SELL,0.27238833090394354,2023-01-14 04:00:00,2023-01-14,4
1.09251,1.09282,1.0924,1.09274,3538,1.3,60.86956521739186,0.0007801525499786521,0.0008062802599956048,1.091624,1.0896482,1.093523622123133,1.0897243778768668,0.0013671428571428526,0.012576083894136237,HOLD,0.25,SELL,0.19577858,SELL,0.3383257175577238,2023-01-14 05:00:00,2023-01-14,5
1.09007,1.09078,1.09007,1.09039,2791,0.9,45.111492281303946,0.0005910887606219717,0.0007632419601208782,1.09162,1.0897356,1.0935301611946755,1.0897098388053246,0.001417142857142847,0.014784403284332339,HOLD,0.15000000000000002,SELL,0.2527313,SELL,0.3172823494505648,2023-01-14 06:00:00,2023-01-14,6
1.09087,1.09087,1.09038,1.09047,5316,1.2,38.87297039159528,0.0004426075722583356,0.0006991150825483698,1.0916264999999998,1.0898345999999999,1.0935191258562507,1.089733874143749,0.0013478571428571387,0.014780173060116144,HOLD,0.15000000000000002,SELL,0.20920262,HOLD,0.42293451090680134,2023-01-14 07:00:00,2023-01-14,7
1.09044,1.09044,1.08998,1.09037,4800,1.7,37.31918997107081,0.0003132549879591995,0.0006219430636305358,1.0916095,1.0899336,1.0935424658150819,1.089676534184918,0.0012385714285714222,0.014730492147619397,HOLD,0.15000000000000002,BUY,0.8728507,BUY,0.708230076972081,2023-01-14 08:00:00,2023-01-14,8
1.09012,1.09071,1.09012,1.09068,2158,1.4,48.15668202765048,0.00023306985794779855,0.0005441684224939883,1.0916225000000002,1.090031,1.0935250398536975,1.0897199601463028,0.0011292857142857216,0.014735760742748693,HOLD,0.15000000000000002,BUY,0.7747432,BUY,0.7921133115630287,2023-01-14 09:00:00,2023-01-14,9
1.08974,1.09013,1.08974,1.09008,5613,1.6,31.909212283044653,0.00011972743576826872,0.0004592802251488444,1.0915855,1.090169,1.0935802982354539,1.0895907017645463,0.0010392857142857345,0.01480250005388889,HOLD,0.15000000000000002,BUY,0.916962,BUY,0.8486138628397378,2023-01-14 10:00:00,2023-01-14,10
1.08974,1.08974,1.08868,1.08914,2053,1.1,31.824234354195383,-4.542377745808679e-05,0.0003583394246274582,1.0915180000000002,1.090277,1.0937465477924713,1.0892894522075292,0.00106785714285716,0.015068413886843343,HOLD,2.7755575615628914e-17,BUY,0.96910053,BUY,0.8976589712011799,2023-01-14 11:00:00,2023-01-14,11
1.09014,1.09059,1.08947,1.09023,3443,1.9,43.939393939393774,-8.734653679520754e-05,0.000269202232342925,1.091453,1.0903896,1.0937547073754659,1.0891512926245341,0.0010921428571428748,0.015111358436438236,HOLD,0.15000000000000002,BUY,0.9808344,BUY,0.9524917612692179,2023-01-14 12:00:00,2023-01-14,12
1.08991,1.0915,1.08991,1.09051,5354,1.5,46.07843137254937,-9.686041904766185e-05,0.00019598970206480767,1.0913385000000002,1.0905086,1.093585249933421,1.0890917500665793,0.0011142857142857343,0.01446738609951972,HOLD,0.15000000000000002,BUY,0.95039994,BUY,0.8924087339013309,2023-01-14 13:00:00,2023-01-14,13
1.0915,1.09225,1.09104,1.09164,1714,1.9,52.173913043477945,-1.3068042817421244e-05,0.0001541781530883619,1.0912705,1.0906458,1.0933838806791265,1.0891571193208736,0.0011635714285714385,0.014999471918918992,HOLD,0.15000000000000002,BUY,0.93149036,BUY,0.8357885721673489,2023-01-14 14:00:00,2023-01-14,14
1.09142,1.09193,1.09117,1.0914,2749,1.6,41.854636591478524,3.358487921834019e-05,0.00013005949831435757,1.0912905,1.0907632,1.093400670609256,1.0891803293907438,0.0010985714285714407,0.013495857913009085,HOLD,0.15000000000000002,BUY,0.9598108,BUY,0.9050685840947981,2023-01-14 15:00:00,2023-01-14,15
1.09052,1.0909,1.08987,1.09079,4829,1.2,40.533980582524514,2.1092611534490047e-05,0.00010826612095838408,1.0911905,1.0908588000000001,1.0931880192509866,1.0891929807490133,0.001135000000000013,0.01218439250772913,HOLD,0.25,BUY,0.9636387,BUY,0.9459396349102984,2023-01-14 16:00:00,2023-01-14,16
1.09253,1.09358,1.0923,1.09255,1680,0.8,51.30784708249456,0.0001514637110808792,0.0001169056389828831,1.0912245,1.090945,1.093292618646744,1.089156381353256,0.0012864285714285772,0.013249054602379197,BUY,0.65,SELL,0.07993674,SELL,0.3079733445811514,2023-01-14 17:00:00,2023-01-14,17
1.09311,1.09315,1.09291,1.09315,2852,1.0,52.78048780487776,0.0002997434761262685,0.0001534732064115602,1.0913225,1.0910572,1.0935623578432712,1.0890826421567288,0.0012471428571428753,0.013134091577288887,BUY,0.65,SELL,0.09308868,SELL,0.2727371972950341,2023-01-14 18:00:00,2023-01-14,18
1.09271,1.09373,1.09255,1.09274,3342,1.9,50.0,0.00037979464844251076,0.00019873749481775035,1.091402,1.091126,1.0937273169563604,1.0890766830436396,0.001301428571428612,0.013231960560253797,BUY,0.65,SELL,0.18630603,SELL,0.30829039413899584,2023-01-14 19:00:00,2023-01-14,19
1.09417,1.09423,1.09397,1.09402,1359,1.4,69.24708377518513,0.0005402929213575991,0.0002670485801257201,1.0915409999999999,1.0912009999999999,1.0941416064070482,1.0889403935929516,0.0012171428571429008,0.01379471330389008,BUY,0.65,BUY,0.8019889,BUY,0.8078275050571813,2023-01-14 20:00:00,2023-01-14,20
1.09331,1.09331,1.09215,1.09279,3378,1.8,60.96408317580256,0.0005617625890677047,0.00032599138191411706,1.0915455,1.0912678,1.0941548473675193,1.0889361526324808,0.0013157142857143248,0.013697810293053593,BUY,0.65,BUY,0.93178934,BUY,0.7984816828627269,2023-01-14 21:00:00,2023-01-14,21
1.09062,1.09112,1.09039,1.09082,2740,1.1,51.807228915661966,0.0004150307037797951,0.0003437992462872527,1.091469,1.0912544,1.0940687319700229,1.0888692680299772,0.001452142857142886,0.015102669009703917,BUY,0.65,BUY,0.88632333,BUY,0.7112148681637247,2023-01-14 22:00:00,2023-01-14,22
1.09062,1.09062,1.09004,1.09031,1197,1.0,48.53754940711385,0.00025465636967947347,0.0003259706709656968,1.09137,1.0912122000000002,1.0939888225558667,1.0887511774441332,0.0014657142857143082,0.01516821026047754,HOLD,0.15000000000000002,BUY,0.6936406,HOLD,0.5370884821561854,2023-01-14 23:00:00,2023-01-14,23
1.09248,1.09307,1.09119,1.09257,5169,1.5,58.700209643606065,0.0003063897960147166,0.0003220544959755008,1.0913695,1.0912226,1.0939873534799096,1.0887516465200906,0.0015957142857143034,0.016979020251451683,HOLD,0.25,BUY,0.91366583,BUY,0.7783254915621012,2023-01-15 00:00:00,2023-01-15,0
1.0947,1.09495,1.09401,1.09471,2244,1.5,67.95615731785927,0.0005141423118497634,0.00036047205915035337,1.091468,1.091299,1.0944287651927307,1.0885072348072695,0.0016657142857143179,0.018349495710917655,BUY,0.5,BUY,0.92643994,BUY,0.836400701565028,2023-01-15 01:00:00,2023-01-15,1
1.09502,1.09524,1.09439,1.09499,3477,0.9,66.1904761904756,0.0006933883876538705,0.00042705532485105683,1.091698,1.0914042,1.095001061418898,1.088394938581102,0.0016228571428571798,0.016327939929053913,BUY,0.65,BUY,0.93558455,BUY,0.8659554404456358,2023-01-15 02:00:00,2023-01-15,2
1.09452,1.09492,1.09408,1.09456,1658,2.0,63.63636363636323,0.0007916194910597696,0.0004999681580927994,1.0919025000000002,1.0914444,1.0953869066171813,1.0884180933828191,0.0015742857142857503,0.01646330114072464,BUY,0.65,BUY,0.8096482,BUY,0.7262218604673962,2023-01-15 03:00:00,2023-01-15,3
1.09621,1.09621,1.09482,1.09579,1895,1.7,63.87959866220746,0.0009576795351406986,0.0005915104335023793,1.0921735,1.0915312,1.0959838862216404,1.0883631137783594,0.0015678571428571844,0.01675248056030262,BUY,0.65,BUY,0.9554433,BUY,0.919486214141937,2023-01-15 04:00:00,2023-01-15,4
1.09597,1.09597,1.09375,1.09507,2604,1.8,61.89241736876214,0.0010194339339488767,0.0006770951335916789,1.092393,1.0916168,1.0963443094432053,1.0884416905567946,0.0016721428571428998,0.017056283966833147,BUY,0.65,BUY,0.93146616,BUY,0.9211566600980972,2023-01-15 05:00:00,2023-01-15,5
1.09523,1.09523,1.09473,1.09501,3935,1.0,64.18010752688188,0.0010514132044232571,0.0007519587477579946,1.0926395,1.0917063999999999,1.0965983540341029,1.088680645965897,0.001598571428571465,0.01685626667778088,BUY,0.65,BUY,0.9594154,BUY,0.9268769713184084,2023-01-15 06:00:00,2023-01-15,6
1.09507,1.09575,1.095,1.09511,4923,1.4,59.68229954614249,0.0010724634795307164,0.000816059694112539,1.0929379999999997,1.0918052,1.0966802008722938,1.0891957991277057,0.0014528571428571763,0.016372450182599266,BUY,0.65,BUY,0.9639102,BUY,0.9427863169765225,2023-01-15 07:00:00,2023-01-15,7
1.0957,1.09594,1.0957,1.09583,5229,1.6,60.04497751124433,0.0011341699517142256,0.0008796817456328764,1.093218,1.0919379999999999,1.0969450482182594,1.0894909517817406,0.0014692857142857285,0.016214873661216204,BUY,0.65,BUY,0.94244194,BUY,0.8991560314494594,2023-01-15 08:00:00,2023-01-15,8
1.09725,1.09725,1.09646,1.09687,2285,1.1,64.78167501789534,0.001252553427622205,0.0009542560820307421,1.0935359999999998,1.0920872,1.0973738469841647,1.089698153015835,0.001486428571428571,0.016400064714674305,BUY,0.65,BUY,0.8683836,BUY,0.7618683063066461,2023-01-15 09:00:00,2023-01-15,9
1.09808,1.0982,1.09752,1.09791,2163,1.7,64.16605972323359,0.0014139928639873567,0.001046203438422065,1.0938495,1.0922544,1.0980430914767494,1.0896559085232504,0.001475000000000004,0.01634991758746079,BUY,0.65,BUY,0.905811,BUY,0.7264500931675028,2023-01-15 10:00:00,2023-01-15,10
1.09858,1.09877,1.09774,1.09839,3732,1.5,71.57164869029296,0.0015626534723762742,0.001149493445212907,1.0941990000000001,1.0924274,1.098687759763087,1.0897102402369132,0.0014150000000000076,0.01624583176353453,BUY,0.45,SELL,0.39296338,HOLD,0.4584513752187849,2023-01-15 11:00:00,2023-01-15,11
1.09811,1.09884,1.09811,1.09836,2126,1.2,84.14855072463834,0.0016589242798330517,0.0012513796121369361,1.0945775000000002,1.0925851999999998,1.099132080690178,1.0900229193098223,0.0012957142857143048,0.01597176426460709,BUY,0.45,SELL,0.1528665,SELL,0.19069395337688022,2023-01-15 12:00:00,2023-01-15,12
1.09821,1.09826,1.09813,1.0982,4041,1.2,86.90364826941195,0.001702681473369605,0.00134163998438347,1.09486,1.0927424000000001,1.0995828581890492,1.0901371418109507,0.001256428571428587,0.015328361664282811,BUY,0.45,BUY,0.8446518,BUY,0.7624121000950269,2023-01-15 13:00:00,2023-01-15,13
1.09851,1.09865,1.09784,1.0982,1334,1.1,83.39264531435477,0.0017175603973842435,0.001416824066983625,1.0951125000000002,1.0928922,1.0999879373623165,1.0902370626376838,0.001117142857142864,0.015314129410001551,BUY,0.45,BUY,0.9417169,BUY,0.829095238095238,2023-01-15 14:00:00,2023-01-15,14
1.09731,1.09784,1.09702,1.09736,4231,1.9,68.58345021037778,0.0016426357891632382,0.0014619864114195477,1.0953435,1.093031,1.1001832967552125,1.0905037032447875,0.001031428571428572,0.01557894562861373,BUY,0.65,BUY,0.96444714,BUY,0.9493310946785001,2023-01-15 15:00:00,2023-01-15,15
1.09667,1.09817,1.09667,1.09707,3071,1.2,64.56582633053294,0.001542080773728971,0.0014780052838814324,1.095496,1.093156,1.10035238548719,1.09063961451281,0.0010778571428571462,0.015235363878007835,BUY,0.65,BUY,0.9750728,BUY,0.9440574445954536,2023-01-15 16:00:00,2023-01-15,16
1.09738,1.09785,1.09719,1.09738,4923,1.3,70.08547008547033,0.0014704541288874662,0.0014764950528826392,1.0957255,1.0932938,1.1004761209012672,1.0909748790987326,0.0010685714285714346,0.01448744806107839,HOLD,0.04999999999999999,BUY,0.9749774,BUY,0.9560456271259881,2023-01-15 17:00:00,2023-01-15,17
1.09919,1.10004,1.09919,1.09935,4462,1.8,72.93814432989699,0.0015547300723435242,0.0014921420567748163,1.096152,1.0934502000000001,1.100568116893974,1.091735883106026,0.0011407142857142885,0.013449923238802033,BUY,0.45,SELL,0.14843008,SELL,0.25727272727272726,2023-01-15 18:00:00,2023-01-15,18
1.0979,1.09841,1.09753,1.09828,3079,1.7,69.79038224414248,0.001517684386192597,0.0014972505226583726,1.0965505,1.0935598,1.100100393845734,1.0930006061542659,0.0011121428571428632,0.01398666289571003,BUY,0.65,BUY,0.94898456,BUY,0.8420030867735058,2023-01-15 19:00:00,2023-01-15,19
1.09812,1.09923,1.09787,1.09826,2293,1.7,70.13630731102829,0.0014697689980551765,0.0014917542177377335,1.096835,1.093665,1.0999237742416668,1.0937462257583332,0.0011735714285714405,0.01248876593834256,HOLD,0.04999999999999999,BUY,0.9693727,BUY,0.9364826364853822,2023-01-15 20:00:00,2023-01-15,20
1.09874,1.09877,1.09841,1.09842,1778,0.9,70.35670356703528,0.0014282424803058191,0.0014790518702513507,1.0970205,1.0938134,1.1000161422736658,1.094024857726334,0.0011564285714285821,0.010756107604316294,HOLD,0.04999999999999999,BUY,0.9239653,BUY,0.8755774083168205,2023-01-15 21:00:00,2023-01-15,21
1.09923,1.09981,1.09897,1.09933,1520,1.8,71.03365384615316,0.0014520237842878814,0.001473646253058657,1.0972374999999999,1.0939442,1.1002425825367745,1.0942324174632252,0.0011964285714285902,0.011006292732054787,HOLD,0.04999999999999999,BUY,0.9413553,BUY,0.8346128416175854,2023-01-15 22:00:00,2023-01-15,22
1.09838,1.09899,1.09806,1.09843,4781,1.9,59.53545232273859,0.0013823137086692583,0.0014553797441807775,1.0974309999999998,1.0940754,1.1001992097578317,1.094662790242168,0.001185714285714298,0.011406138113506164,HOLD,0.25,BUY,0.9493753,BUY,0.8907921775888356,2023-01-15 23:00:00,2023-01-15,23
1.09867,1.09891,1.09867,1.09886,880,1.6,56.274768824306626,0.0013462466840830078,0.0014335531321612235,1.0975845000000002,1.0942288,1.100309707669574,1.0948592923304263,0.001125000000000011,0.01088399172875049,HOLD,0.25,BUY,0.89066786,BUY,0.8060305905353344,2023-01-16 00:00:00,2023-01-16,0
1.09877,1.099,1.09826,1.09871,3084,1.7,52.20994475138198,0.0012906813892181734,0.0014049787835726136,1.0977664999999999,1.0943800000000001,1.1002610690483612,1.0952719309516386,0.0011042857142857163,0.010529378957520945,HOLD,0.25,BUY,0.9551633,BUY,0.9699923872324415,2023-01-16 01:00:00,2023-01-16,1
1.0987,1.09892,1.09847,1.09881,4055,0.9,53.077975376197536,0.0012404159144470128,0.0013720662097474936,1.0979565,1.0945314,1.100124557826038,1.095788442173962,0.0010842857142856963,0.010501484115022587,HOLD,0.25,BUY,0.96580094,BUY,0.9091810664777246,2023-01-16 02:00:00,2023-01-16,2
1.0992,1.10035,1.0992,1.10013,3006,1.3,61.393152302243465,0.0012921974836210826,0.0013560924645222114,1.0982075,1.09468,1.1001372545522121,1.0962777454477879,0.0011778571428571194,0.011107981338979335,HOLD,0.25,BUY,0.93623173,BUY,0.8867688262199027,2023-01-16 03:00:00,2023-01-16,3
1.09948,1.1002,1.09925,1.09952,2376,1.8,57.268722466960476,0.0012693802231891205,0.0013387500162555933,1.098392,1.0948234,1.1000513035952648,1.0967326964047353,0.0011878571428571214,0.011318907731226215,HOLD,0.25,SELL,0.36371738,SELL,0.3529989602374205,2023-01-16 04:00:00,2023-01-16,4
1.101,1.10134,1.10086,1.10112,8534,1.9,69.10569105691235,0.0013646729083414133,0.0013439345946727574,1.0986045,1.095,1.1005129573544863,1.0966960426455137,0.0012335714285714053,0.011909114336205702,BUY,0.5,HOLD,0.49828666,BUY,0.6119144405729773,2023-01-16 05:00:00,2023-01-16,5
1.10213,1.10245,1.101,1.10186,3598,1.7,73.27502429543351,0.001482811930516581,0.001371710061841522,1.098802,1.0951856,1.101170046941258,1.0964339530587421,0.0012299999999999692,0.01171586284257503,BUY,0.30000000000000004,BUY,0.8598474,BUY,0.7783741597156231,2023-01-16 06:00:00,2023-01-16,6
1.10138,1.10146,1.10011,1.10087,2037,1.0,65.90701914311799,0.001479498492841902,0.001393267748041598,1.098926,1.0953481999999999,1.101457306298961,1.0963946937010391,0.0012992857142856934,0.012272813930216444,BUY,0.65,BUY,0.9416021,BUY,0.8717005194492837,2023-01-16 07:00:00,2023-01-16,7
1.10045,1.10084,1.1002,1.1005,3042,1.1,56.13660618996812,0.001430526443463087,0.0014007194871258957,1.099033,1.0955503999999998,1.1016432558858638,1.096422744114136,0.0011571428571428408,0.012368229266838516,BUY,0.65,BUY,0.9819588,BUY,0.9738455672494546,2023-01-16 08:00:00,2023-01-16,8
1.09933,1.10024,1.09878,1.0994,796,1.3,55.95744680851093,0.001288106445306525,0.0013781968787620216,1.099093,1.095729,1.101677676300654,1.0965083236993463,0.0011499999999999685,0.012948755381304652,HOLD,0.25,BUY,0.8435402,BUY,0.829170000909413,2023-01-16 09:00:00,2023-01-16,9
1.10197,1.10249,1.10197,1.10205,3014,1.6,65.75228595178734,0.0013732405613342547,0.0013772056152764683,1.0992855,1.0959626,1.1021486192044978,1.096422380795502,0.0012735714285713978,0.015406663125854451,HOLD,0.25,BUY,0.9552514,BUY,0.9229018800948995,2023-01-16 10:00:00,2023-01-16,10
1.1027,1.10324,1.10226,1.10266,6462,2.0,66.98717948717982,0.0014729525831640444,0.0013963550088539837,1.0995504999999999,1.0962022,1.1026357141442709,1.0964652858557289,0.0013221428571428273,0.01504595662017107,BUY,0.5,BUY,0.9029545,BUY,0.8657878862813143,2023-01-16 11:00:00,2023-01-16,11
1.10321,1.10373,1.1032,1.1034,3136,1.2,66.53127538586546,0.001593320092196926,0.0014357480255225723,1.0998670000000002,1.0964686000000001,1.103171714973013,1.0965622850269874,0.0012992857142856934,0.014995301923730503,BUY,0.5,BUY,0.9488063,BUY,0.911607867704744,2023-01-16 12:00:00,2023-01-16,12
1.10533,1.10565,1.10436,1.10511,4181,1.3,75.45731707317077,0.0018058778831233635,0.0015097739970427306,1.1002535,1.096788,1.104097611149088,1.0964093888509119,0.0013692857142857079,0.015649431100745567,BUY,0.30000000000000004,SELL,0.11088137,SELL,0.14313190865283887,2023-01-16 13:00:00,2023-01-16,13
1.10279,1.1038,1.10279,1.10334,2730,0.9,65.49100968188104,0.0018106353787707974,0.001569946273388344,1.100453,1.0970502,1.104508037672642,1.0963979623273579,0.0015007142857142838,0.016130866646693397,BUY,0.65,BUY,0.7553451,BUY,0.7888554444558532,2023-01-16 14:00:00,2023-01-16,14
1.1051,1.10547,1.1051,1.10517,2153,1.1,70.01239157372925,0.0019397116459731745,0.0016438993479053103,1.1007975,1.0973434,1.1052285002435263,1.096366499756474,0.0015999999999999983,0.016335586253477734,BUY,0.45,BUY,0.8481763,BUY,0.7669747014456317,2023-01-16 15:00:00,2023-01-16,15
1.10494,1.10494,1.10405,1.10476,1710,1.8,68.0851063829781,0.001986028246818483,0.0017123251276879449,1.1011225,1.0976058,1.1057202196865432,1.0965247803134568,0.0016478571428571534,0.016477897720061682,BUY,0.65,BUY,0.80920225,BUY,0.8520890890890891,2023-01-16 16:00:00,2023-01-16,16
1.10464,1.10575,1.10416,1.10503,4556,1.2,65.90909090909028,0.0020212218429587203,0.0017741044707421001,1.101453,1.0978784,1.106181209185887,1.0967247908141131,0.0016514285714285895,0.01646970937005828,BUY,0.65,BUY,0.9064722,BUY,0.887296506700364,2023-01-16 17:00:00,2023-01-16,17
1.10475,1.10503,1.10423,1.10477,2540,1.0,67.44186046511594,0.0020050205653709963,0.0018202876896678795,1.101725,1.098158,1.106563583959909,1.096886416040091,0.001640714285714297,0.016450303376116943,BUY,0.65,BUY,0.91341424,BUY,0.9007783530787619,2023-01-16 18:00:00,2023-01-16,18
1.10495,1.10554,1.10485,1.10494,3992,1.1,64.02349486049883,0.001983039273068865,0.0018528380063480767,1.1020505,1.0984058,1.1068313102154386,1.0972696897845615,0.0015657142857142972,0.015969611039283318,BUY,0.65,BUY,0.91380286,BUY,0.8647468259851658,2023-01-16 19:00:00,2023-01-16,19
1.10706,1.10718,1.10706,1.10717,2723,1.5,67.57114493712729,0.002121110462597775,0.0019064924975980165,1.102466,1.0986862000000002,1.1075161460114633,1.0974158539885366,0.0016221428571428736,0.017102399531144074,BUY,0.65,SELL,0.10450155,SELL,0.12569767441860463,2023-01-16 20:00:00,2023-01-16,20
1.10863,1.10901,1.10863,1.10869,1609,1.1,74.99999999999964,0.0023263672582387596,0.0019904674497261653,1.1029649999999998,1.0990052,1.1084093500409766,1.0975206499590229,0.0016285714285714395,0.01733854060794567,BUY,0.30000000000000004,SELL,0.05124442,SELL,0.087,2023-01-16 21:00:00,2023-01-16,21
1.10837,1.10854,1.10733,1.10822,8202,0.9,74.52350698856387,0.0024231768017384248,0.002077009320128617,1.1034355000000002,1.0992892,1.108993199164247,1.0978778008357535,0.0016778571428571595,0.017575768554659612,BUY,0.45,SELL,0.017879944,SELL,0.03,2023-01-16 22:00:00,2023-01-16,22
1.10689,1.10689,1.10669,1.10671,2229,1.9,72.63157894736905,0.0023509543437767455,0.002131798324858243,1.1037645,1.0995676,1.1092771513823598,1.0982518486176402,0.0016642857142857373,0.01841397171163018,BUY,0.45,SELL,0.1121833,SELL,0.19700503372596395,2023-01-16 23:00:00,2023-01-16,23
1.10734,1.10734,1.10682,1.10718,7347,1.1,68.36077308518306,0.0023050711719403427,0.002166452894274663,1.1041475,1.0998948,1.1094799305705518,1.0988150694294483,0.0014885714285714422,0.01813810192085961,BUY,0.65,SELL,0.050728526,SELL,0.18,2023-01-17 00:00:00,2023-01-17,0
1.10704,1.10774,1.10632,1.10697,1633,1.7,65.88061901252793,0.0022261020638412177,0.0021783827281879743,1.10444,1.100228,1.109714666365131,1.0991653336348692,0.0015050000000000102,0.01774158147107937,BUY,0.65,SELL,0.16182633,SELL,0.1986363636363636,2023-01-17 01:00:00,2023-01-17,1
1.10682,1.10682,1.10593,1.10662,4633,1.7,62.215477996965134,0.0021109427675944925,0.002164894736069278,1.104678,1.100509,1.1098917090545553,1.0994642909454448,0.0015028571428571391,0.01778800835885212,HOLD,0.25,BUY,0.8357718,BUY,0.7689109798555646,2023-01-17 02:00:00,2023-01-17,2
1.10611,1.10621,1.10564,1.10612,2337,1.6,54.21888053466989,0.0019567758800209667,0.002123270964859616,1.1049405,1.1007372000000002,1.109867728216252,1.1000132717837483,0.001412142857142846,0.01748486946204275,HOLD,0.25,BUY,0.6775369,BUY,0.6248223192164837,2023-01-17 03:00:00,2023-01-17,3
1.10566,1.10608,1.10531,1.10572,2154,1.3,61.22641509434015,0.0017817815848566454,0.0020549730888590216,1.1052015,1.1009518,1.1096700015739154,1.1007329984260845,0.0013042857142856943,0.017496226333977672,HOLD,0.25,BUY,0.84494764,BUY,0.7959695771137416,2023-01-17 04:00:00,2023-01-17,4
1.10722,1.10732,1.1071,1.10719,3999,1.2,59.863281249999964,0.0017416375463674694,0.0019923059803607112,1.105591,1.1012044,1.1092069931299837,1.1019750068700163,0.0012664285714285572,0.017264322579302282,HOLD,0.25,SELL,0.12846749,SELL,0.16229395604395605,2023-01-17 05:00:00,2023-01-17,5
1.10672,1.10687,1.10534,1.10643,1626,1.0,57.8847969782821,0.00162971116240751,0.001919787016770071,1.1058100000000002,1.1014172,1.1090321013085267,1.1025878986914737,0.001318571428571407,0.015809448946639243,HOLD,0.15000000000000002,SELL,0.07367472,SELL,0.11255613645845183,2023-01-17 06:00:00,2023-01-17,6
1.10731,1.10808,1.10722,1.10724,2711,1.1,59.92812219227386,0.0015880627286790627,0.0018534421591518695,1.106039,1.1016606,1.108954937332424,1.103123062667576,0.0013228571428571176,0.01587515633074246,HOLD,0.15000000000000002,SELL,0.1656526,SELL,0.2402814882023638,2023-01-17 07:00:00,2023-01-17,7
1.10683,1.10768,1.10626,1.10735,6691,1.1,61.74863387978203,0.0015461095372546474,0.001791975634772425,1.1062365,1.1019074,1.108926131358089,1.1035468686419112,0.0013671428571428365,0.015783283267492988,HOLD,0.15000000000000002,SELL,0.10939723,SELL,0.17592033941236068,2023-01-17 08:00:00,2023-01-17,8
1.10794,1.10794,1.10731,1.10747,2434,1.4,61.57365050320243,0.0015051933954004504,0.0017346191868980302,1.1063545,1.1021546,1.1090431151787228,1.103665884821277,0.0013571428571428346,0.01492934646532459,HOLD,0.25,BUY,0.8222394,BUY,0.7045799074405109,2023-01-17 09:00:00,2023-01-17,9
1.10598,1.10598,1.10517,1.10586,4644,1.0,43.64694471387002,0.0013275503395844268,0.0016532054174353094,1.1064805,1.1023551999999999,1.1087827138087862,1.1041782861912137,0.0013614285714285451,0.014712503759003417,HOLD,0.15000000000000002,BUY,0.8949926,BUY,0.7544437635562834,2023-01-17 10:00:00,2023-01-17,10
1.10582,1.10582,1.105,1.1054,2478,1.8,32.216216216215244,0.0011365473717559471,0.001549873808299437,1.106492,1.1025258,1.108768808477325,1.104215191522675,0.0012914285714285465,0.013627628393656705,HOLD,0.15000000000000002,BUY,0.88174045,BUY,0.7928029691461534,2023-01-17 11:00:00,2023-01-17,11
1.10716,1.10736,1.10639,1.10676,1225,1.3,42.80078895463473,0.0010824390935797457,0.001456386865355499,1.106592,1.1027028,1.1087192824275662,1.1044647175724338,0.0013342857142856848,0.014205843286253446,HOLD,0.25,SELL,0.08631097,SELL,0.21144098804104058,2023-01-17 12:00:00,2023-01-17,12
1.10687,1.1075,1.1057,1.10712,1787,1.2,52.2803114571748,0.0010564290284151845,0.001376395297967436,1.1066965,1.1028774,1.1087025883646124,1.1046904116353875,0.0013535714285713984,0.014220333308001024,HOLD,0.25,SELL,0.123556055,SELL,0.3124003546155866,2023-01-17 13:00:00,2023-01-17,13
1.10802,1.1085,1.1075,1.10787,1257,1.2,53.7216828478958,0.0010838407548141582,0.0013178843893367805,1.1068514999999999,1.1030676000000001,1.108704012092525,1.1049989879074749,0.001407142857142829,0.014308077875358366,HOLD,0.25,SELL,0.06122801,SELL,0.3116037281276919,2023-01-17 14:00:00,2023-01-17,14
1.10697,1.1076,1.1068,1.10712,1689,1.9,50.76452599388432,0.001033136657208944,0.0012609348429112133,1.1069605,1.103246,1.1085815259909946,1.1053394740090055,0.0013821428571428238,0.014598774920564555,HOLD,0.15000000000000002,SELL,0.13488442,SELL,0.2248274436975121,2023-01-17 15:00:00,2023-01-17,15
1.10678,1.10724,1.10549,1.10646,3110,1.7,49.20948616600817,0.0009289880148433127,0.0011945454772976333,1.106925,1.1034112,1.1085577632375194,1.1052922367624805,0.0014328571428571088,0.012889712834196035,HOLD,0.25,SELL,0.18645108,SELL,0.3541718009641304,2023-01-17 16:00:00,2023-01-17,16
1.10575,1.10583,1.10525,1.10556,3142,0.9,47.33840304182545,0.0007650084458692419,0.0011086380710119551,1.1067685,1.1035751999999999,1.1082848151319122,1.1052521848680879,0.0014492857142856769,0.012037869030720266,HOLD,0.15000000000000002,BUY,0.8095661,BUY,0.6956251485393902,2023-01-17 17:00:00,2023-01-17,17
1.10595,1.10711,1.1057,1.10628,2460,1.4,52.583025830257974,0.000685252277061954,0.0010239609122219548,1.1066714999999998,1.1037594,1.1080376205157212,1.1053053794842784,0.001502142857142817,0.012304834810541882,HOLD,0.15000000000000002,BUY,0.8695517,BUY,0.8710695223985715,2023-01-17 18:00:00,2023-01-17,18
1.10692,1.10784,1.10647,1.10656,4903,1.4,46.73575129533709,0.0006372922897963651,0.0009466271877368369,1.1066639999999999,1.1039430000000001,1.108030877348019,1.1052971226519808,0.0014992857142856713,0.011386227575850644,HOLD,0.15000000000000002,BUY,0.9497702,BUY,0.9282852157877851,2023-01-17 19:00:00,2023-01-17,19
1.10695,1.10709,1.10644,1.10681,4534,1.0,52.07877461706815,0.0006123972309437509,0.0008797811963782198,1.1066455,1.1040922,1.1079928478823622,1.1052981521176377,0.001413571428571379,0.011307981394267367,HOLD,0.25,BUY,0.98224694,BUY,0.9189334589311962,2023-01-17 20:00:00,2023-01-17,20
1.10648,1.10685,1.10545,1.10613,4763,1.5,43.84017758046628,0.0005316686551366523,0.0008101586881299064,1.1066034999999999,1.1042492,1.1079605909290793,1.1052464090709204,0.0013957142857142304,0.011493234691883295,HOLD,0.25,BUY,0.9724612,BUY,0.9395840333863663,2023-01-17 21:00:00,2023-01-17,21
1.10599,1.10649,1.10552,1.10612,4220,1.3,43.097643097642546,0.00046156314810663623,0.0007404395801252525,1.1065785,1.1044064,1.1079526259424006,1.1052043740575992,0.0013635714285713688,0.011446146448528555,HOLD,0.15000000000000002,BUY,0.9554814,BUY,0.9456063311943784,2023-01-17 22:00:00,2023-01-17,22
1.10732,1.10732,1.10681,1.10706,1806,1.8,47.89311408016429,0.00047636295715047794,0.0006876242555302976,1.1066255,1.1045792,1.1079978966743969,1.1052531033256032,0.0014042857142856674,0.011727456941177338,HOLD,0.15000000000000002,BUY,0.9045204,BUY,0.8886481852946936,2023-01-17 23:00:00,2023-01-17,23
1.1074,1.10764,1.1074,1.10762,4227,1.0,60.13824884792615,0.0005272019761206614,0.0006555397996483704,1.1067205000000002,1.104745,1.1080920220129102,1.1053489779870902,0.0012814285714285287,0.011734999154038965,HOLD,0.15000000000000002,BUY,0.96573323,BUY,0.9457216916212628,2023-01-18 00:00:00,2023-01-18,0
1.10775,1.10822,1.10731,1.10808,2591,1.8,65.43778801843362,0.0005977202733067344,0.0006439758943800433,1.106765,1.104938,1.1082534325914417,1.1052765674085583,0.001284999999999949,0.010866913239021251,HOLD,0.25,BUY,0.97292805,BUY,0.973106882789094,2023-01-18 01:00:00,2023-01-18,1
1.10742,1.10803,1.10717,1.10755,5064,1.1,55.031847133758596,0.00060387882211832,0.0006359564799276987,1.1068209999999998,1.1051118,1.108340319792505,1.1053016802074946,0.0012099999999999492,0.0107062159959099,HOLD,0.25,BUY,0.969276,BUY,0.9520767989606909,2023-01-18 02:00:00,2023-01-18,2
1.10826,1.10885,1.10716,1.10824,2164,1.1,56.845965770170345,0.0006568648210778516,0.0006401381481577293,1.1068710000000002,1.1053024,1.1085095217986132,1.1052324782013871,0.0012021428571428025,0.010620809305249643,BUY,0.65,BUY,0.9483815,BUY,0.8176936848758962,2023-01-18 03:00:00,2023-01-18,3
1.10746,1.10784,1.10625,1.10709,2176,0.9,45.45454545454522,0.0005991545374013363,0.0006319414260064507,1.1068580000000001,1.1054680000000001,1.1084846025297515,1.1052313974702488,0.001245714285714231,0.01128993803304867,HOLD,0.25,BUY,0.9892173,BUY,0.9528849704981746,2023-01-18 04:00:00,2023-01-18,4
1.1094,1.1094,1.10828,1.10879,2145,1.2,58.76180482686186,0.000682724491359421,0.0006420980390770448,1.106924,1.1056412,1.108750050094518,1.105097949905482,0.0013342857142856687,0.01255648243676001,BUY,0.5,BUY,0.9260237,BUY,0.7853406796950669,2023-01-18 05:00:00,2023-01-18,5
1.10879,1.10892,1.10853,1.10862,5211,1.0,61.9469026548673,0.000726857936866887,0.0006590500186350132,1.1070620000000002,1.1058232000000001,1.108965023632983,1.1051589763670173,0.0012371428571428097,0.011258769427594049,BUY,0.65,BUY,0.9571383,BUY,0.8934190241996963,2023-01-18 06:00:00,2023-01-18,6
1.11013,1.11107,1.10995,1.11023,2289,1.1,73.94871794871788,0.0008815851897643334,0.0007035570528608773,1.1073035,1.1060054000000001,1.109518741700086,1.105088258299914,0.0013257142857142476,0.011997262445405037,BUY,0.30000000000000004,SELL,0.17477278,SELL,0.15128451229982456,2023-01-18 07:00:00,2023-01-18,7
1.11035,1.11063,1.11035,1.11061,2656,1.7,73.00743889479332,0.0010230770808974388,0.0007674610584681897,1.107496,1.1061804,1.1101400033442754,1.1048519966557246,0.0012435714285713914,0.011403111140838949,BUY,0.30000000000000004,SELL,0.11565092,SELL,0.2096798903571992,2023-01-18 08:00:00,2023-01-18,8
1.10921,1.10994,1.10864,1.10958,1299,1.1,64.86220472440931,0.0010401083109203846,0.0008219905089586288,1.1076190000000001,1.1063546,1.110413926983382,1.1048240730166183,0.0012728571428571073,0.012032162614708488,BUY,0.65,BUY,0.8829322,BUY,0.7738576043696334,2023-01-18 09:00:00,2023-01-18,9
1.10915,1.11029,1.10898,1.10949,3306,1.5,63.40000000000006,0.0010344192938622765,0.0008644762659393584,1.1077,1.1065344000000001,1.1106167970898726,1.1047832029101272,0.001319999999999972,0.011858775278212627,BUY,0.65,BUY,0.9729129,BUY,0.9165017995956498,2023-01-18 10:00:00,2023-01-18,10
1.10963,1.10963,1.10946,1.10957,1985,1.5,68.29787234042522,0.0010245555990862076,0.0008964921325687283,1.1078225,1.1067377999999999,1.110840759345056,1.1048042406549439,0.0012321428571428403,0.011523537553777366,BUY,0.65,BUY,0.9753635,BUY,0.9375264159294788,2023-01-18 11:00:00,2023-01-18,11
1.10774,1.10858,1.10767,1.10812,4489,1.2,59.22509225092274,0.0008894822701410732,0.0008950901600831973,1.1079055,1.1068592,1.110856549590323,1.1049544504096769,0.0012985714285714187,0.012348365954958753,HOLD,0.25,BUY,0.9920374,BUY,0.9707098623849576,2023-01-18 12:00:00,2023-01-18,12
1.10976,1.11019,1.10898,1.10983,3423,1.5,61.929371231697615,0.0009099292942420512,0.0008980579869149681,1.1081189999999999,1.1070026,1.1109717726126147,1.105266227387385,0.0013607142857142707,0.012919140133325109,BUY,0.65,BUY,0.8792916,BUY,0.7544951152765254,2023-01-18 13:00:00,2023-01-18,13
1.11098,1.11164,1.11086,1.11099,1386,1.3,63.800163800163716,0.0010081150903982206,0.0009200694076116186,1.1083545000000001,1.1071544,1.1113424933418379,1.1053665066581624,0.0014485714285714022,0.013177544066357948,BUY,0.65,SELL,0.075248405,SELL,0.19386482843137254,2023-01-18 14:00:00,2023-01-18,14
1.11143,1.11162,1.11128,1.11156,3678,1.6,64.12337662337737,0.0011190228783795053,0.000959860101765196,1.1086045,1.1072833999999998,1.1117904393393516,1.1054185606606484,0.001428571428571414,0.013220333457721237,BUY,0.65,SELL,0.15458836,SELL,0.19766591113914228,2023-01-18 15:00:00,2023-01-18,15
1.11141,1.11163,1.11141,1.11154,2791,1.1,66.89246401354744,0.001191568605391602,0.0010062018024904773,1.108841,1.1074474,1.1121652895561274,1.1055167104438726,0.001379285714285694,0.013248617659809024,BUY,0.65,SELL,0.1307096,SELL,0.2523964777595779,2023-01-18 16:00:00,2023-01-18,16
1.11246,1.11339,1.11218,1.11245,2854,1.5,67.49792186201154,0.0013074198888867183,0.0010664454197697256,1.1091570000000002,1.107593,1.1125957886484592,1.1057182113515411,0.0013907142857142768,0.013035657402214065,BUY,0.65,SELL,0.07980708,SELL,0.2590734290224103,2023-01-18 17:00:00,2023-01-18,17
1.1111,1.1114,1.11074,1.11102,3453,1.7,65.9626320064984,0.0012692131179625754,0.0011069989594082955,1.109402,1.1077182,1.112620921689395,1.106183078310605,0.0013707142857142726,0.014156979968384581,BUY,0.65,BUY,0.7944564,HOLD,0.5912731264744893,2023-01-18 18:00:00,2023-01-18,18
1.11132,1.11132,1.11027,1.11076,2564,1.5,59.061637534498615,0.0012040743302816903,0.0011264140335829746,1.1095869999999999,1.1078328,1.1126612263040927,1.106512773695907,0.00128071428571427,0.01404116920978553,BUY,0.65,BUY,0.64353406,BUY,0.6089177987935872,2023-01-18 19:00:00,2023-01-18,19
1.11027,1.11027,1.10983,1.11011,3096,1.0,56.56387665198223,0.0010874661709272537,0.0011186244610518305,1.1097115,1.1079396,1.1126489552180843,1.1067740447819157,0.0013192857142856975,0.014225067451371299,HOLD,0.25,BUY,0.9303654,BUY,0.871980210228719,2023-01-18 20:00:00,2023-01-18,20
1.11099,1.11172,1.11056,1.11094,7016,0.9,53.358561967833374,0.0010499245512516353,0.0011048844790917916,1.1098545,1.1080596,1.112735453606806,1.106973546393194,0.0012592857142857009,0.014367069514580976,HOLD,0.25,SELL,0.11478765,SELL,0.22776961574966725,2023-01-18 21:00:00,2023-01-18,21
1.11248,1.11248,1.1111,1.11169,2012,1.9,54.93601462522831,0.0010683757090412804,0.0010975827250816893,1.1100615,1.10815,1.112838315859244,1.107284684140756,0.0013407142857142665,0.014303340515645782,HOLD,0.25,SELL,0.11694744,SELL,0.2069645558002587,2023-01-18 22:00:00,2023-01-18,22
1.11087,1.11087,1.1098,1.11016,2048,1.1,52.53496503496511,0.0009486052405398571,0.0010677872281733228,1.1101575,1.1081794,1.1127986072240221,1.1075163927759777,0.001334999999999991,0.015225779024192058,HOLD,0.25,BUY,0.94403976,BUY,0.8172373591258665,2023-01-18 23:00:00,2023-01-18,23
1.10923,1.11044,1.10838,1.10949,2264,1.3,50.0,0.0007905103693148785,0.001012331856401634,1.1102775,1.1082048,1.112519743941925,1.108035256058075,0.0013885714285714374,0.014874368356544824,HOLD,0.15000000000000002,BUY,0.90365076,BUY,0.8189112042242912,2023-01-19 00:00:00,2023-01-19,0
1.1107,1.11082,1.11044,1.11044,2956,0.9,53.37470907680422,0.0007334216768242197,0.0009565498204861512,1.11036,1.1082794,1.1124904311400436,1.1082295688599564,0.001471428571428568,0.014189780701919296,HOLD,0.15000000000000002,BUY,0.84306985,BUY,0.6662785732081091,2023-01-19 01:00:00,2023-01-19,1
1.11016,1.11069,1.1092,1.10989,2592,0.9,57.381150959132576,0.0006364613430858146,0.000892532125006084,1.1104235,1.1083336,1.1124061433711603,1.1084408566288397,0.0014421428571428521,0.014314056274988754,HOLD,0.15000000000000002,SELL,0.21924071,SELL,0.36467305787568316,2023-01-19 02:00:00,2023-01-19,2
1.10963,1.10988,1.10901,1.10958,3237,1.6,48.8196411709156,0.0005285128041958576,0.0008197282608440387,1.1103910000000001,1.1083858,1.1124080108160201,1.1083739891839801,0.0013571428571428504,0.013364622557634357,HOLD,0.15000000000000002,BUY,0.6820242,HOLD,0.559288303255296,2023-01-19 03:00:00,2023-01-19,3
1.10894,1.10955,1.10861,1.10921,13023,1.2,40.91836734693977,0.00040839913065848776,0.0007374624348069286,1.1103210000000001,1.1084376,1.1124021626306224,1.1082398373693778,0.001297142857142854,0.013330886379214217,HOLD,0.15000000000000002,SELL,0.09264574,SELL,0.2266308640531464,2023-01-19 04:00:00,2023-01-19,4
1.11037,1.11118,1.11034,1.1106,4928,1.9,45.48022598870035,0.00042052204591391806,0.0006740743570283266,1.110372,1.1085272000000002,1.1124265261972288,1.108317473802771,0.001392857142857132,0.01369701410043524,HOLD,0.15000000000000002,SELL,0.23407961,HOLD,0.41772552748492026,2023-01-19 05:00:00,2023-01-19,5
1.10972,1.11064,1.10972,1.11046,2657,1.5,44.97206703910638,0.00041405969124608255,0.0006220714238718778,1.1104205,1.108622,1.1124327202977504,1.1084082797022496,0.0014428571428571426,0.013703486901380672,HOLD,0.25,BUY,0.7546633,BUY,0.6218703111113296,2023-01-19 06:00:00,2023-01-19,6
1.10965,1.11029,1.1095,1.10951,4552,1.8,36.36363636363693,0.0003284944881161156,0.0005633560367207254,1.1104175,1.1086684,1.1124352306169232,1.108399769383077,0.0013792857142857098,0.01406900622205264,HOLD,0.15000000000000002,BUY,0.90963393,BUY,0.803815932383654,2023-01-19 07:00:00,2023-01-19,7
1.1096,1.11031,1.10884,1.10998,3777,1.0,44.70468431771939,0.00029520557411832904,0.0005097259442002461,1.1105105,1.1087394000000002,1.1122320840320215,1.1087889159679785,0.0013621428571428515,0.013258503877286531,HOLD,0.15000000000000002,BUY,0.88839775,BUY,0.7941361544842168,2023-01-19 08:00:00,2023-01-19,8
1.10899,1.10952,1.10854,1.10895,7131,1.0,41.45420207743225,0.00018359510789078826,0.0004444997769383546,1.1104665,1.1087736,1.1123024942094697,1.1086305057905304,0.0013899999999999865,0.012533708327703856,HOLD,0.15000000000000002,BUY,0.79065424,BUY,0.6908468306822485,2023-01-19 09:00:00,2023-01-19,9
1.10806,1.10886,1.10804,1.10816,10030,1.1,40.91332712022427,3.1038815457407054e-05,0.0003618075846421651,1.110325,1.1087898,1.112410392806705,1.108239607193295,0.0013885714285714374,0.012060330594448807,HOLD,2.7755575615628914e-17,SELL,0.3245938,HOLD,0.4928848878071701,2023-01-19 10:00:00,2023-01-19,10
1.1084,1.10872,1.10831,1.10864,2102,2.0,38.92100192678249,-5.0548465684974175e-05,0.00027933637457673723,1.110179,1.1088132,1.112308728423592,1.108049271576408,0.001313571428571422,0.01200728300272863,HOLD,0.15000000000000002,SELL,0.229148,SELL,0.3793070519807575,2023-01-19 11:00:00,2023-01-19,11
1.10915,1.11093,1.10889,1.10977,7596,1.6,41.07806691449738,-2.3751623666523614e-05,0.00021871877492808507,1.1100905,1.1088914,1.112127168848969,1.1080538311510313,0.0013671428571428526,0.012682555830434544,HOLD,0.15000000000000002,SELL,0.11811831,HOLD,0.5309258196590358,2023-01-19 12:00:00,2023-01-19,12
1.11054,1.11054,1.10949,1.11021,2642,1.6,50.258531540847386,3.261344200233829e-05,0.00018149770834293574,1.1099785,1.1089875999999999,1.111689101925559,1.108267898074441,0.00130714285714284,0.012370747349853353,HOLD,0.25,BUY,0.96708375,BUY,0.904337551551657,2023-01-19 13:00:00,2023-01-19,13
1.10917,1.10917,1.10857,1.10908,1905,1.6,47.97630799605118,-1.3740007311247027e-05,0.00014245016521209918,1.1098815,1.1090339999999999,1.111563206839819,1.108199793160181,0.001277142857142818,0.012063400861565285,HOLD,0.15000000000000002,BUY,0.9625549,BUY,0.8374104095820699,2023-01-19 14:00:00,2023-01-19,14
1.10858,1.10889,1.10792,1.10863,3256,1.4,40.60228452751752,-8.579766694638558e-05,9.680059878040224e-05,1.109775,1.1090642000000002,1.1114918698569252,1.1080581301430747,0.0012649999999999764,0.012106461654291838,HOLD,0.15000000000000002,BUY,0.87279373,BUY,0.7822375439203373,2023-01-19 15:00:00,2023-01-19,15
1.10793,1.10832,1.10684,1.1083,6198,1.1,41.551540913921194,-0.0001676001334192101,4.3920452340479777e-05,1.1096845,1.1090728,1.1115141329802611,1.1078548670197388,0.0012864285714285456,0.01199477948307401,HOLD,0.15000000000000002,BUY,0.95904696,BUY,0.864609913818651,2023-01-19 16:00:00,2023-01-19,16
1.10952,1.11009,1.10933,1.1094,3530,1.4,49.11764705882315,-0.00014203112414934438,6.730137042514945e-06,1.1096075,1.1091184,1.1113417964599168,1.1078732035400833,0.0013514285714285432,0.012248021363972437,HOLD,0.15000000000000002,BUY,0.9793186,BUY,0.878295430758043,2023-01-19 17:00:00,2023-01-19,17
1.11055,1.11096,1.10988,1.11062,1998,1.3,56.3800904977374,-2.3057898947520528e-05,7.725298445078505e-07,1.109554,1.1092016,1.1110700947062262,1.1080379052937737,0.0013935714285714068,0.012675449866390265,HOLD,0.25,BUY,0.95799506,BUY,0.9091372061011481,2023-01-19 18:00:00,2023-01-19,18
1.11071,1.11071,1.11002,1.11055,3047,0.9,49.74306269270243,6.483346437513582e-05,1.3584716750633445e-05,1.1095735000000002,1.1093013999999999,1.1111318564217454,1.108015143578255,0.001302142857142839,0.011667057235859295,BUY,0.65,BUY,0.9942268,BUY,0.9755526216992743,2023-01-19 19:00:00,2023-01-19,19
1.10971,1.10999,1.10921,1.10987,1166,1.1,47.12755598831492,7.871036197149017e-05,2.660984579480479e-05,1.1095925000000002,1.1093732,1.1111558280964646,1.1080291719035358,0.0013321428571428293,0.011673307845290647,BUY,0.65,BUY,0.9803801,BUY,0.8879836823618334,2023-01-19 20:00:00,2023-01-19,20
1.1105,1.11126,1.10974,1.11056,2188,1.4,55.24475524475541,0.0001437283260483646,5.003354184551675e-05,1.1095985000000002,1.1094532,1.1111763769881797,1.1080206230118206,0.0013721428571428218,0.011477803398797653,BUY,0.65,BUY,0.9737231,BUY,0.8603536086321071,2023-01-19 21:00:00,2023-01-19,21
1.11118,1.11227,1.11118,1.11156,2695,1.8,57.49525616698374,0.00027280247652394785,9.458732878120298e-05,1.109682,1.1095481999999999,1.1114854539961263,1.1078785460038738,0.001389285714285696,0.01173622276560215,BUY,0.5,BUY,0.9774187,BUY,0.9255471192638162,2023-01-19 22:00:00,2023-01-19,22
1.11202,1.11202,1.11071,1.11155,3667,1.7,63.65546218487365,0.0003700223667653102,0.00014967433637802442,1.1097804999999998,1.1096566,1.111766455689424,1.1077945443105757,0.0013799999999999843,0.011666873268986636,BUY,0.65,BUY,0.9704395,BUY,0.9227144248743129,2023-01-19 23:00:00,2023-01-19,23
1.11136,1.11243,1.11136,1.11164,6013,1.0,69.72789115646256,0.00044915450451266103,0.00020957037000495177,1.109902,1.109767,1.1120330298968832,1.1077709701031166,0.0013914285714285515,0.01156011643559685,BUY,0.65,BUY,0.8958569,BUY,0.6629867324838599,2023-01-20 00:00:00,2023-01-20,0
1.11254,1.11254,1.11235,1.11242,3324,1.7,70.7236842105262,0.0005682562705024985,0.0002813075501044611,1.109993,1.1098742,1.1123885493821803,1.1075974506178197,0.001415714285714282,0.010988214861236039,BUY,0.30000000000000004,BUY,0.74842495,HOLD,0.5203217742012528,2023-01-20 01:00:00,2023-01-20,1
1.11462,1.11491,1.1142,1.11431,1778,1.4,72.97570850202449,0.0008058629957594654,0.000386218639235462,1.1101855,1.1100079999999999,1.1132612419302366,1.1071097580697635,0.0014300000000000107,0.012354429045561194,BUY,0.30000000000000004,BUY,0.72681326,BUY,0.6049099567099567,2023-01-20 02:00:00,2023-01-20,2
1.11454,1.1153,1.11423,1.11475,1800,1.1,72.97570850202449,0.0010179382022057482,0.0005125625518295192,1.1104475,1.1101414,1.1141164701696296,1.1067785298303705,0.0014314285714285755,0.011756116001243327,BUY,0.30000000000000004,SELL,0.08425693,SELL,0.12312424242424243,2023-01-20 03:00:00,2023-01-20,3
1.11464,1.11512,1.11433,1.11434,1893,1.8,78.71179039301384,0.0011397870026725876,0.0006380074419981329,1.1106655,1.1102772,1.1147158123986538,1.1066151876013464,0.0013707142857142887,0.01192295019767997,BUY,0.45,SELL,0.03884045,SELL,0.045700000000000005,2023-01-20 04:00:00,2023-01-20,4
1.11634,1.11665,1.1157,1.11603,1721,1.1,85.5769230769243,0.0013570783762275607,0.0007818216288440183,1.1110194999999998,1.110433,1.1156364594688732,1.1064025405311264,0.0014528571428571288,0.012022896714360486,BUY,0.30000000000000004,SELL,0.042568248,SELL,0.053200000000000004,2023-01-20 05:00:00,2023-01-20,5
1.11592,1.11653,1.11557,1.11622,4018,1.1,88.5964912280709,0.0015270123198818375,0.0009308597670515822,1.1114225,1.1106156,1.1163828220396692,1.1064621779603308,0.0013935714285714226,0.011411799084490703,BUY,0.45,SELL,0.038964365,SELL,0.0557,2023-01-20 06:00:00,2023-01-20,6
1.11552,1.11602,1.11482,1.11517,3899,1.7,78.25661116552472,0.001558988915965509,0.0010564855968343678,1.111749,1.1107432,1.1167970257735989,1.1067009742264013,0.0013657142857142876,0.012306157953905203,BUY,0.45,SELL,0.029370703,SELL,0.0857,2023-01-20 07:00:00,2023-01-20,7
1.11421,1.11471,1.11421,1.11439,1800,0.8,69.29375639713467,0.0015040533269603529,0.0011459991428595649,1.11198,1.1108586,1.1170693779994658,1.1068906220005341,0.0013228571428571495,0.012473750477242732,BUY,0.65,SELL,0.08154561,SELL,0.18077078292309828,2023-01-20 08:00:00,2023-01-20,8
1.11202,1.11239,1.11193,1.1122,3082,1.6,56.9386038687981,0.0012691715597688003,0.001170633626241412,1.1120795,1.110898,1.1171005272591612,1.107058472740839,0.0014492857142857085,0.014630990754979402,BUY,0.65,BUY,0.76804215,BUY,0.6477652182635729,2023-01-20 09:00:00,2023-01-20,9
1.1132,1.1132,1.11277,1.11296,3524,1.1,62.90726817042666,0.0011313106702621756,0.0011627690350455647,1.1122735,1.110945,1.117102719289675,1.1074442807103249,0.0014249999999999938,0.014161236420700071,HOLD,0.25,BUY,0.9255869,BUY,0.8082810178798246,2023-01-20 10:00:00,2023-01-20,10
1.1137,1.1137,1.11324,1.11331,1986,1.8,61.822871883061595,0.0010383278004748586,0.0011378807881314236,1.1125075,1.1110196,1.1170376463901506,1.1079773536098494,0.0013692857142857079,0.013999334001279378,HOLD,0.25,BUY,0.8791265,BUY,0.8236810361203091,2023-01-20 11:00:00,2023-01-20,11
1.11213,1.11231,1.11213,1.11218,3522,1.2,52.63605442176814,0.000863502728128962,0.0010830051761309312,1.1127015,1.1110734,1.1167830903763616,1.1086199096236384,0.0013314285714285548,0.014565164645035324,HOLD,0.15000000000000002,BUY,0.92562824,BUY,0.706779661712844,2023-01-20 12:00:00,2023-01-20,12
1.11422,1.11444,1.11338,1.11377,4084,0.8,58.320839580209814,0.0008435286375090278,0.0010351098684065506,1.1129200000000001,1.1111574,1.1167152602019377,1.1091247397980626,0.001399285714285714,0.0149675906017544,HOLD,0.15000000000000002,BUY,0.9668359,BUY,0.8618868711198541,2023-01-20 13:00:00,2023-01-20,13
1.11454,1.11481,1.11308,1.1142,3376,1.5,59.35672514619947,0.0008525685535474281,0.0009986016054347262,1.1130989999999998,1.1112790000000001,1.1167732798793766,1.109424720120623,0.0014464285714285627,0.014606772531618576,HOLD,0.15000000000000002,BUY,0.9363706,BUY,0.8446277262070278,2023-01-20 14:00:00,2023-01-20,14
1.11491,1.11635,1.11491,1.11536,2260,1.5,60.45519203413956,0.0009424708404317528,0.0009873754524341316,1.1133395,1.1113895999999999,1.1169402161568949,1.109738783843105,0.0015357142857142594,0.014904615343999929,HOLD,0.15000000000000002,BUY,0.93583494,BUY,0.8984064236098069,2023-01-20 15:00:00,2023-01-20,15
1.11607,1.11695,1.11543,1.11577,2216,1.3,55.80286168521488,0.001034873249353252,0.0009968750118179558,1.1136344999999999,1.1114852,1.1169972649964688,1.110271735003531,0.0014714285714285521,0.014584303470583503,HOLD,0.25,BUY,0.852298,BUY,0.8315110446548425,2023-01-20 16:00:00,2023-01-20,16
1.1161,1.11658,1.11526,1.11591,2751,1.0,54.72312703583096,0.0011066429629029706,0.0010188286020349588,1.113902,1.1115722000000001,1.1170811465257215,1.1107228534742783,0.001489285714285701,0.014529841560259752,BUY,0.65,BUY,0.8753693,BUY,0.8115835463828064,2023-01-20 17:00:00,2023-01-20,17
1.11855,1.11855,1.11754,1.1181,2056,1.6,63.37126600284494,0.0013249623343405403,0.0010800553484960752,1.1142290000000001,1.1117034,1.117723590707216,1.1107344092927842,0.0016214285714285673,0.015617801689571876,BUY,0.5,SELL,0.3889619,SELL,0.23692053872053873,2023-01-20 18:00:00,2023-01-20,18
1.11743,1.11823,1.11735,1.11756,7405,1.6,55.9256390395044,0.001437834065987298,0.0011516110919943198,1.1145295000000002,1.1118056,1.1180871543130224,1.110971845686978,0.001519285714285723,0.015828879963764506,BUY,0.65,SELL,0.03725275,SELL,0.06,2023-01-20 19:00:00,2023-01-20,19
1.11747,1.11747,1.11632,1.11719,3668,2.0,53.70511841100036,0.0014803650914543276,0.0012173618918863214,1.1148069999999999,1.111929,1.1182804851299253,1.1113335148700745,0.0015392857142857272,0.01596120864896491,BUY,0.65,SELL,0.05890294,SELL,0.053200000000000004,2023-01-20 20:00:00,2023-01-20,20
1.11733,1.11825,1.11599,1.1177,2549,1.5,60.079681274899855,0.0015375006231854726,0.0012813896381461518,1.115071,1.1120678,1.1185829938856837,1.1115590061143161,0.0016007142857142886,0.01589267378698481,BUY,0.65,SELL,0.034077533,SELL,0.0332,2023-01-20 21:00:00,2023-01-20,21
1.11866,1.11866,1.11715,1.11813,2361,0.8,65.32786885245878,0.001599045548351663,0.0013449208201872542,1.115262,1.1122282,1.1190074736191877,1.1115165263808122,0.0016399999999999906,0.014945934827435113,BUY,0.65,SELL,0.048588853,SELL,0.07903333333333333,2023-01-20 22:00:00,2023-01-20,22
1.11828,1.11842,1.11788,1.11797,3396,1.9,78.36774827924998,0.0016162782327597824,0.0013991923027017598,1.1154229999999998,1.1123688,1.119348313799113,1.1114976862008867,0.0015028571428571391,0.014961306763106082,BUY,0.45,SELL,0.049275808,SELL,0.11903333333333332,2023-01-20 23:00:00,2023-01-20,23
1.11643,1.11705,1.11635,1.1167,4664,2.0,67.50936329587938,0.0015100499572076043,0.0014213638336029288,1.115541,1.112469,1.1194711206624617,1.111610879337538,0.001547142857142858,0.015547298181533536,BUY,0.65,SELL,0.091829926,SELL,0.10403333333333332,2023-01-21 00:00:00,2023-01-21,0
1.1164,1.1164,1.11595,1.116,2807,0.9,62.194016319129425,0.0013537736734305916,0.0014078458015684614,1.1155395000000001,1.1125858,1.1194688576548089,1.1116101423451914,0.0015478571428571483,0.014812763285421656,HOLD,0.25,SELL,0.11007312,SELL,0.1402450980392157,2023-01-21 01:00:00,2023-01-21,1
1.11517,1.11553,1.11517,1.11542,2728,1.1,65.45801526717548,0.0011696395630820255,0.0013602045538711742,1.1154994999999999,1.1127044,1.1194159563736585,1.1115830436263412,0.0015228571428571591,0.01490916566110136,HOLD,0.15000000000000002,SELL,0.040482428,SELL,0.08083333333333333,2023-01-21 02:00:00,2023-01-21,2
1.11349,1.11464,1.11344,1.11369,5043,1.2,49.62335216572573,0.0008740400229163559,0.0012629716476802106,1.1154255000000002,1.1127694,1.119423254501353,1.1114277454986474,0.001502857142857155,0.015544508648871028,HOLD,0.15000000000000002,SELL,0.049803182,SELL,0.0965546218487395,2023-01-21 03:00:00,2023-01-21,3
1.11272,1.11335,1.11272,1.11315,2373,1.1,45.10717614165908,0.0005894074484511513,0.0011282588078343988,1.1153635,1.1128346,1.119465962803376,1.1112610371966238,0.0014485714285714499,0.015446880692376914,HOLD,0.15000000000000002,SELL,0.0530346,SELL,0.07931100478468898,2023-01-21 04:00:00,2023-01-21,4
1.11365,1.11365,1.11317,1.11335,2464,1.0,39.71340839304124,0.00037564224112429656,0.0009777354944923784,1.115421,1.11291,1.1193659842906007,1.1114760157093992,0.001330714285714312,0.013707751565027165,HOLD,0.15000000000000002,SELL,0.059416085,SELL,0.1468656138554271,2023-01-21 05:00:00,2023-01-21,5
1.11272,1.11379,1.11272,1.11332,2490,1.5,36.95420660277038,0.00020148839218014913,0.0008224860740299326,1.115439,1.1129922,1.1193397416299484,1.1115382583700517,0.0012935714285714495,0.013504246840619799,HOLD,0.15000000000000002,SELL,0.06724058,SELL,0.11433314632295956,2023-01-21 06:00:00,2023-01-21,6
1.11318,1.1143,1.11318,1.11365,4405,1.4,38.204592901879735,8.907169124472425e-05,0.0006758031974728909,1.115456,1.1130532,1.1193204691880927,1.1115915308119073,0.0012792857142857367,0.013499111245939312,HOLD,0.15000000000000002,SELL,0.058348,SELL,0.14433314632295957,2023-01-21 07:00:00,2023-01-21,7
1.11338,1.11403,1.11305,1.11356,2811,1.4,19.652406417113,-7.198620784354404e-06,0.0005392028338214419,1.115525,1.1131152,1.1191871678941123,1.1118628321058879,0.0011607142857143085,0.012949256839945682,HOLD,0.04999999999999999,SELL,0.02763967,SELL,0.03318181818181818,2023-01-21 08:00:00,2023-01-21,8
1.11323,1.11323,1.11194,1.11285,4191,1.8,19.21568627450992,-0.00013918022000036778,0.00040352622305708,1.115479,1.1131820000000001,1.1192553190097785,1.1117026809902217,0.0012135714285714647,0.01210582093839628,HOLD,0.04999999999999999,SELL,0.07520689,SELL,0.02,2023-01-21 09:00:00,2023-01-21,9
1.11358,1.11437,1.11314,1.11329,2908,1.7,24.740932642487508,-0.00020589879237786768,0.0002816412199700905,1.1154335000000002,1.1132482000000001,1.1192956579733333,1.111571342026667,0.0012335714285714688,0.012110219528906972,HOLD,0.04999999999999999,SELL,0.057129905,SELL,0.13363253114866017,2023-01-21 10:00:00,2023-01-21,10
1.11159,1.11358,1.11091,1.11173,5003,1.8,15.963511972634862,-0.0003802691976035888,0.0001492591364553546,1.115252,1.1133038,1.1194548541681035,1.1110491458318963,0.0012628571428571847,0.012318245860318884,HOLD,0.04999999999999999,SELL,0.060207557,SELL,0.08925925925925926,2023-01-21 11:00:00,2023-01-21,11
1.10974,1.11035,1.10897,1.10983,2639,1.9,9.47265624999936,-0.0006641175869104288,-1.3416208217802058e-05,1.1149550000000001,1.1133372,1.1197949543277994,1.1101150456722009,0.0013521428571429128,0.01329904848891298,HOLD,0.2,SELL,0.045854885,SELL,0.04925925925925925,2023-01-21 12:00:00,2023-01-21,12
1.10938,1.10965,1.10881,1.1095,11411,1.6,9.317963496637205,-0.0009052624208469862,-0.0001917854507436389,1.1146345,1.1133544,1.1200257227887869,1.109243277211213,0.0013864285714286298,0.013218194384319055,HOLD,0.04999999999999999,SELL,0.034926977,SELL,0.14854497354497354,2023-01-21 13:00:00,2023-01-21,13
1.10944,1.11067,1.10901,1.10983,3322,1.0,13.727560718057731,-0.001057552391357408,-0.0003649388388663928,1.1142210000000001,1.1133556,1.1197596485146517,1.1086823514853485,0.0013892857142857754,0.010500782123585546,HOLD,0.04999999999999999,SELL,0.052282967,SELL,0.12555555555555556,2023-01-21 14:00:00,2023-01-21,14
1.10876,1.10912,1.10822,1.10861,2403,1.1,13.013013013013591,-0.0012621379535366906,-0.0005443786618004524,1.1137735,1.1133236000000002,1.1196142507628821,1.1079327492371178,0.0014507142857143527,0.010811289824785875,HOLD,0.04999999999999999,SELL,0.029123005,SELL,0.0931325863678805,2023-01-21 15:00:00,2023-01-21,15
1.10722,1.10751,1.10671,1.10739,2081,1.5,12.229539040452138,-0.0015053643859730403,-0.00073657580663497,1.1132835,1.1132898,1.1195464714656354,1.1070205285343648,0.0015271428571429174,0.01108606236843026,SELL,0.45,SELL,0.029123005,SELL,0.05555555555555555,2023-01-21 16:00:00,2023-01-21,16
1.1073,1.10735,1.10687,1.10713,1828,1.1,14.192139737991695,-0.001699511996731129,-0.0009291630446542019,1.112755,1.1132598,1.1192291055062198,1.10628089449378,0.0014228571428572018,0.010605602548335957,SELL,0.45,SELL,0.030679325,SELL,0.046269841269841266,2023-01-21 17:00:00,2023-01-21,17
1.10729,1.10775,1.10712,1.10758,3894,1.7,19.294377067255482,-0.0017963568541998765,-0.0011026018065633369,1.1122275000000001,1.1132454,1.1185755883985797,1.1058794116014206,0.0013985714285714712,0.010629221960278703,SELL,0.45,SELL,0.04274375,SELL,0.028888888888888884,2023-01-21 18:00:00,2023-01-21,18
1.10871,1.10902,1.10829,1.10895,2615,1.4,28.515625000001194,-0.001742473402311484,-0.0012305761257129662,1.1117765000000002,1.1132364,1.1176723371576782,1.1058806628423221,0.001465714285714324,0.012209774342325397,SELL,0.45,SELL,0.01921963,SELL,0.05206573220686123,2023-01-21 19:00:00,2023-01-21,19
